,5.000,2.500
0,,
1,5.02,6.667000000000001
2,,
3,5.04,4.167
4,,
5,5.06,4.167
6,,
7,5.08,3.333
8,,
9,5.1,7.5
10,,
11,5.12,3.333
12,,
13,5.14,4.167
14,,
15,5.16,4.167
16,,
17,5.18,2.5
18,,
19,5.2,5.0
20,,
21,5.22,4.167
22,,
23,5.24,3.333
24,,
25,5.26,7.5
26,,
27,5.28,7.5
28,,
29,5.3,4.167
30,,
31,5.32,4.167
32,,
33,5.34,0.833
34,,
35,5.36,8.333
36,,
37,5.38,5.832999999999999
38,,
39,5.4,5.0
40,,
41,5.42,5.832999999999999
42,,
43,5.44,7.5
44,,
45,5.46,3.333
46,,
47,5.48,3.333
48,,
49,5.5,5.0
50,,
51,5.52,4.167
52,,
53,5.54,5.0
54,,
55,5.56,8.333
56,,
57,5.58,7.5
58,,
59,5.6,3.333
60,,
61,5.62,4.167
62,,
63,5.64,6.667000000000001
64,,
65,5.66,5.0
66,,
67,5.68,2.5
68,,
69,5.7,2.5
70,,
71,5.72,5.832999999999999
72,,
73,5.74,4.167
74,,
75,5.76,5.0
76,,
77,5.78,2.5
78,,
79,5.8,6.667000000000001
80,,
81,5.82,4.167
82,,
83,5.84,4.167
84,,
85,5.86,2.5
86,,
87,5.88,4.167
88,,
89,5.9,3.333
90,,
91,5.92,6.667000000000001
92,,
93,5.94,5.832999999999999
94,,
95,5.96,7.5
96,,
97,5.98,6.667000000000001
98,,
99,6.0,4.167
100,,
101,6.02,3.333
102,,
103,6.04,3.333
104,,
105,6.06,4.167
106,,
107,6.08,1.6669999999999998
108,,
109,6.1,4.167
110,,
111,6.12,2.5
112,,
113,6.14,4.167
114,,
115,6.16,6.667000000000001
116,,
117,6.18,4.167
118,,
119,6.2,4.167
120,,
121,6.22,7.5
122,,
123,6.24,5.0
124,,
125,6.26,4.167
126,,
127,6.28,4.167
128,,
129,6.3,3.333
130,,
131,6.32,5.0
132,,
133,6.34,2.5
134,,
135,6.36,5.0
136,,
137,6.38,4.167
138,,
139,6.4,7.5
140,,
141,6.42,1.6669999999999998
142,,
143,6.44,6.667000000000001
144,,
145,6.46,4.167
146,,
147,6.48,5.0
148,,
149,6.5,3.333
150,,
151,6.52,3.333
152,,
153,6.54,4.167
154,,
155,6.56,5.0
156,,
157,6.58,8.333
158,,
159,6.6,5.0
160,,
161,6.62,4.167
162,,
163,6.64,4.167
164,,
165,6.66,3.333
166,,
167,6.68,5.832999999999999
168,,
169,6.7,4.167
170,,
171,6.72,4.167
172,,
173,6.74,3.333
174,,
175,6.76,3.333
176,,
177,6.78,3.333
178,,
179,6.8,3.333
180,,
181,6.82,3.333
182,,
183,6.84,3.333
184,,
185,6.86,3.333
186,,
187,6.88,3.333
188,,
189,6.9,5.0
190,,
191,6.92,5.0
192,,
193,6.94,5.0
194,,
195,6.96,5.0
196,,
197,6.98,4.167
198,,
199,7.0,3.333
200,,
201,7.02,8.333
202,,
203,7.04,7.5
204,,
205,7.06,4.167
206,,
207,7.08,5.832999999999999
208,,
209,7.1,3.333
210,,
211,7.12,5.0
212,,
213,7.14,5.832999999999999
214,,
215,7.16,5.0
216,,
217,7.18,2.5
218,,
219,7.2,4.167
220,,
221,7.22,5.832999999999999
222,,
223,7.24,3.333
224,,
225,7.26,5.832999999999999
226,,
227,7.28,5.832999999999999
228,,
229,7.3,7.5
230,,
231,7.32,4.167
232,,
233,7.34,3.333
234,,
235,7.36,6.667000000000001
236,,
237,7.38,4.167
238,,
239,7.4,1.6669999999999998
240,,
241,7.42,1.6669999999999998
242,,
243,7.44,6.667000000000001
244,,
245,7.46,4.167
246,,
247,7.48,3.333
248,,
249,7.5,6.667000000000001
250,,
251,7.52,8.333
252,,
253,7.54,5.0
254,,
255,7.56,1.6669999999999998
256,,
257,7.58,4.167
258,,
259,7.6,1.6669999999999998
260,,
261,7.62,5.0
262,,
263,7.64,0.833
264,,
265,7.66,4.167
266,,
267,7.68,3.333
268,,
269,7.7,3.333
270,,
271,7.72,5.0
272,,
273,7.74,5.832999999999999
274,,
275,7.76,1.6669999999999998
276,,
277,7.78,6.667000000000001
278,,
279,7.8,5.832999999999999
280,,
281,7.82,5.832999999999999
282,,
283,7.84,4.167
284,,
285,7.86,5.0
286,,
287,7.88,2.5
288,,
289,7.9,3.333
290,,
291,7.92,1.6669999999999998
292,,
293,7.94,3.333
294,,
295,7.96,1.6669999999999998
296,,
297,7.98,4.167
298,,
299,8.0,1.6669999999999998
300,,
301,8.02,7.5
302,,
303,8.04,6.667000000000001
304,,
305,8.06,5.832999999999999
306,,
307,8.08,4.167
308,,
309,8.1,4.167
310,,
311,8.12,2.5
312,,
313,8.14,3.333
314,,
315,8.16,4.167
316,,
317,8.18,10.0
318,,
319,8.2,7.5
320,,
321,8.22,4.167
322,,
323,8.24,3.333
324,,
325,8.26,5.832999999999999
326,,
327,8.28,5.832999999999999
328,,
329,8.3,2.5
330,,
331,8.32,5.0
332,,
333,8.34,4.167
334,,
335,8.36,6.667000000000001
336,,
337,8.38,8.333
338,,
339,8.4,5.0
340,,
341,8.42,2.5
342,,
343,8.44,8.333
344,,
345,8.46,4.167
346,,
347,8.48,7.5
348,,
349,8.5,5.832999999999999
350,,
351,8.52,7.5
352,,
353,8.54,10.0
354,,
355,8.56,6.667000000000001
356,,
357,8.58,5.832999999999999
358,,
359,8.6,7.5
360,,
361,8.62,5.0
362,,
363,8.64,6.667000000000001
364,,
365,8.66,7.5
366,,
367,8.68,5.832999999999999
368,,
369,8.7,3.333
370,,
371,8.72,5.0
372,,
373,8.74,9.167
374,,
375,8.76,5.0
376,,
377,8.78,7.5
378,,
379,8.8,5.832999999999999
380,,
381,8.82,4.167
382,,
383,8.84,3.333
384,,
385,8.86,5.0
386,,
387,8.88,2.5
388,,
389,8.9,5.832999999999999
390,,
391,8.92,5.0
392,,
393,8.94,4.167
394,,
395,8.96,1.6669999999999998
396,,
397,8.98,5.0
398,,
399,9.0,4.167
400,,
401,9.02,8.333
402,,
403,9.04,8.333
404,,
405,9.06,5.0
406,,
407,9.08,5.832999999999999
408,,
409,9.1,2.5
410,,
411,9.12,5.0
412,,
413,9.14,3.333
414,,
415,9.16,0.833
416,,
417,9.18,9.167
418,,
419,9.2,11.66
420,,
421,9.22,5.0
422,,
423,9.24,5.832999999999999
424,,
425,9.26,4.167
426,,
427,9.28,5.0
428,,
429,9.3,4.167
430,,
431,9.32,5.832999999999999
432,,
433,9.34,4.167
434,,
435,9.36,8.333
436,,
437,9.38,5.0
438,,
439,9.4,8.333
440,,
441,9.42,9.167
442,,
443,9.44,8.333
444,,
445,9.46,4.167
446,,
447,9.48,4.167
448,,
449,9.5,6.667000000000001
450,,
451,9.52,6.667000000000001
452,,
453,9.54,2.5
454,,
455,9.56,3.333
456,,
457,9.58,5.0
458,,
459,9.6,4.167
460,,
461,9.62,5.0
462,,
463,9.64,7.5
464,,
465,9.66,6.667000000000001
466,,
467,9.68,2.5
468,,
469,9.7,4.167
470,,
471,9.72,8.333
472,,
473,9.74,1.6669999999999998
474,,
475,9.76,5.0
476,,
477,9.78,7.5
478,,
479,9.8,3.333
480,,
481,9.82,8.333
482,,
483,9.84,5.0
484,,
485,9.86,4.167
486,,
487,9.88,3.333
488,,
489,9.9,8.333
490,,
491,9.92,5.0
492,,
493,9.94,1.6669999999999998
494,,
495,9.96,2.5
496,,
497,9.98,3.333
498,,
499,10.0,5.0
500,,
501,10.02,2.5
502,,
503,10.04,6.66
504,,
505,10.06,1.66
506,,
507,10.08,5.0
508,,
509,10.1,4.16
510,,
511,10.12,5.0
512,,
513,10.14,9.16
514,,
515,10.16,1.66
516,,
517,10.18,7.5
518,,
519,10.2,12.5
520,,
521,10.22,4.16
522,,
523,10.24,7.5
524,,
525,10.26,6.66
526,,
527,10.28,6.66
528,,
529,10.3,5.83
530,,
531,10.32,6.66
532,,
533,10.34,6.66
534,,
535,10.36,5.0
536,,
537,10.38,13.3
538,,
539,10.4,4.16
540,,
541,10.42,6.66
542,,
543,10.44,5.0
544,,
545,10.46,5.83
546,,
547,10.48,7.5
548,,
549,10.5,7.5
550,,
551,10.52,4.16
552,,
553,10.54,5.0
554,,
555,10.56,5.83
556,,
557,10.58,5.0
558,,
559,10.6,3.33
560,,
561,10.62,5.83
562,,
563,10.64,10.0
564,,
565,10.66,2.5
566,,
567,10.68,0.83
568,,
569,10.7,9.16
570,,
571,10.72,4.16
572,,
573,10.74,0.83
574,,
575,10.76,3.33
576,,
577,10.78,5.0
578,,
579,10.8,10.8
580,,
581,10.82,7.5
582,,
583,10.84,7.5
584,,
585,10.86,8.33
586,,
587,10.88,6.66
588,,
589,10.9,7.5
590,,
591,10.92,5.0
592,,
593,10.94,5.83
594,,
595,10.96,3.33
596,,
597,10.98,7.5
598,,
599,11.0,6.66
600,,
601,11.02,7.5
602,,
603,11.04,9.16
604,,
605,11.06,5.83
606,,
607,11.08,3.33
608,,
609,11.1,7.5
610,,
611,11.12,7.5
612,,
613,11.14,4.16
614,,
615,11.16,10.0
616,,
617,11.18,8.33
618,,
619,11.2,5.0
620,,
621,11.22,6.66
622,,
623,11.24,3.33
624,,
625,11.26,6.66
626,,
627,11.28,7.5
628,,
629,11.3,6.66
630,,
631,11.32,2.5
632,,
633,11.34,2.5
634,,
635,11.36,4.16
636,,
637,11.38,6.66
638,,
639,11.4,2.5
640,,
641,11.42,3.33
642,,
643,11.44,6.66
644,,
645,11.46,5.0
646,,
647,11.48,8.33
648,,
649,11.5,2.5
650,,
651,11.52,9.16
652,,
653,11.54,5.0
654,,
655,11.56,7.5
656,,
657,11.58,5.83
658,,
659,11.6,3.33
660,,
661,11.62,10.8
662,,
663,11.64,9.16
664,,
665,11.66,6.66
666,,
667,11.68,5.0
668,,
669,11.7,7.5
670,,
671,11.72,6.66
672,,
673,11.74,9.16
674,,
675,11.76,6.66
676,,
677,11.78,4.16
678,,
679,11.8,2.5
680,,
681,11.82,5.0
682,,
683,11.84,5.0
684,,
685,11.86,9.16
686,,
687,11.88,5.0
688,,
689,11.9,3.33
690,,
691,11.92,1.66
692,,
693,11.94,6.66
694,,
695,11.96,5.0
696,,
697,11.98,2.5
698,,
699,12.0,5.0
700,,
701,12.02,4.16
702,,
703,12.04,5.83
704,,
705,12.06,9.16
706,,
707,12.08,11.6
708,,
709,12.1,4.16
710,,
711,12.12,8.33
712,,
713,12.14,5.83
714,,
715,12.16,5.83
716,,
717,12.18,6.66
718,,
719,12.2,6.66
720,,
721,12.22,4.16
722,,
723,12.24,5.0
724,,
725,12.26,6.66
726,,
727,12.28,4.16
728,,
729,12.3,8.33
730,,
731,12.32,10.0
732,,
733,12.34,5.0
734,,
735,12.36,7.5
736,,
737,12.38,7.5
738,,
739,12.4,0.0
740,,
741,12.42,5.0
742,,
743,12.44,8.33
744,,
745,12.46,8.33
746,,
747,12.48,10.0
748,,
749,12.5,5.0
750,,
751,12.52,7.5
752,,
753,12.54,6.66
754,,
755,12.56,6.66
756,,
757,12.58,5.0
758,,
759,12.6,5.83
760,,
761,12.62,9.16
762,,
763,12.64,6.66
764,,
765,12.66,9.16
766,,
767,12.68,10.0
768,,
769,12.7,6.66
770,,
771,12.72,5.0
772,,
773,12.74,8.33
774,,
775,12.76,5.83
776,,
777,12.78,6.66
778,,
779,12.8,5.83
780,,
781,12.82,5.0
782,,
783,12.84,6.66
784,,
785,12.86,7.5
786,,
787,12.88,4.16
788,,
789,12.9,5.83
790,,
791,12.92,7.5
792,,
793,12.94,5.83
794,,
795,12.96,5.0
796,,
797,12.98,5.0
798,,
799,13.0,8.33
800,,
801,13.02,6.66
802,,
803,13.04,3.33
804,,
805,13.06,4.16
806,,
807,13.08,3.33
808,,
809,13.1,5.83
810,,
811,13.12,10.8
812,,
813,13.14,4.16
814,,
815,13.16,5.83
816,,
817,13.18,5.0
818,,
819,13.2,6.66
820,,
821,13.22,5.83
822,,
823,13.24,5.0
824,,
825,13.26,2.5
826,,
827,13.28,5.83
828,,
829,13.3,9.16
830,,
831,13.32,10.0
832,,
833,13.34,7.5
834,,
835,13.36,7.5
836,,
837,13.38,3.33
838,,
839,13.4,5.0
840,,
841,13.42,5.0
842,,
843,13.44,3.33
844,,
845,13.46,7.5
846,,
847,13.48,4.16
848,,
849,13.5,3.33
850,,
851,13.52,5.0
852,,
853,13.54,5.0
854,,
855,13.56,2.5
856,,
857,13.58,7.5
858,,
859,13.6,8.33
860,,
861,13.62,6.66
862,,
863,13.64,5.83
864,,
865,13.66,10.0
866,,
867,13.68,3.33
868,,
869,13.7,2.5
870,,
871,13.72,5.83
872,,
873,13.74,8.33
874,,
875,13.76,5.0
876,,
877,13.78,8.33
878,,
879,13.8,7.5
880,,
881,13.82,5.0
882,,
883,13.84,1.66
884,,
885,13.86,6.66
886,,
887,13.88,9.16
888,,
889,13.9,5.0
890,,
891,13.92,3.33
892,,
893,13.94,8.33
894,,
895,13.96,6.66
896,,
897,13.98,6.66
898,,
899,14.0,4.16
900,,
901,14.02,8.33
902,,
903,14.04,9.16
904,,
905,14.06,11.6
906,,
907,14.08,5.83
908,,
909,14.1,6.66
910,,
911,14.12,4.16
912,,
913,14.14,10.8
914,,
915,14.16,13.3
916,,
917,14.18,5.0
918,,
919,14.2,5.0
920,,
921,14.22,5.0
922,,
923,14.24,5.0
924,,
925,14.26,4.16
926,,
927,14.28,3.33
928,,
929,14.3,5.0
930,,
931,14.32,3.33
932,,
933,14.34,6.66
934,,
935,14.36,9.16
936,,
937,14.38,5.83
938,,
939,14.4,3.33
940,,
941,14.42,5.0
942,,
943,14.44,5.0
944,,
945,14.46,2.5
946,,
947,14.48,5.83
948,,
949,14.5,9.16
950,,
951,14.52,8.33
952,,
953,14.54,8.33
954,,
955,14.56,9.16
956,,
957,14.58,7.5
958,,
959,14.6,3.33
960,,
961,14.62,5.83
962,,
963,14.64,4.16
964,,
965,14.66,1.66
966,,
967,14.68,7.5
968,,
969,14.7,5.0
970,,
971,14.72,7.5
972,,
973,14.74,7.5
974,,
975,14.76,4.16
976,,
977,14.78,7.5
978,,
979,14.8,4.16
980,,
981,14.82,5.83
982,,
983,14.84,5.83
984,,
985,14.86,10.0
986,,
987,14.88,7.5
988,,
989,14.9,9.16
990,,
991,14.92,5.83
992,,
993,14.94,7.5
994,,
995,14.96,10.0
996,,
997,14.98,7.5
998,,
999,15.0,9.16
1000,,
1001,15.02,10.0
1002,,
1003,15.04,4.16
1004,,
1005,15.06,9.16
1006,,
1007,15.08,7.5
1008,,
1009,15.1,5.83
1010,,
1011,15.12,9.16
1012,,
1013,15.14,5.83
1014,,
1015,15.16,5.83
1016,,
1017,15.18,7.5
1018,,
1019,15.2,6.66
1020,,
1021,15.22,8.33
1022,,
1023,15.24,8.33
1024,,
1025,15.26,6.66
1026,,
1027,15.28,4.16
1028,,
1029,15.3,7.5
1030,,
1031,15.32,3.33
1032,,
1033,15.34,6.66
1034,,
1035,15.36,5.0
1036,,
1037,15.38,3.33
1038,,
1039,15.4,9.16
1040,,
1041,15.42,5.83
1042,,
1043,15.44,6.66
1044,,
1045,15.46,12.5
1046,,
1047,15.48,7.5
1048,,
1049,15.5,4.16
1050,,
1051,15.52,9.16
1052,,
1053,15.54,5.0
1054,,
1055,15.56,9.16
1056,,
1057,15.58,0.83
1058,,
1059,15.6,5.0
1060,,
1061,15.62,12.5
1062,,
1063,15.64,7.5
1064,,
1065,15.66,4.16
1066,,
1067,15.68,5.83
1068,,
1069,15.7,5.83
1070,,
1071,15.72,5.0
1072,,
1073,15.74,2.5
1074,,
1075,15.76,4.16
1076,,
1077,15.78,7.5
1078,,
1079,15.8,9.16
1080,,
1081,15.82,13.3
1082,,
1083,15.84,14.1
1084,,
1085,15.86,4.16
1086,,
1087,15.88,9.16
1088,,
1089,15.9,5.0
1090,,
1091,15.92,3.33
1092,,
1093,15.94,5.0
1094,,
1095,15.96,5.83
1096,,
1097,15.98,6.66
1098,,
1099,16.0,10.0
1100,,
1101,16.02,5.0
1102,,
1103,16.04,5.0
1104,,
1105,16.06,5.83
1106,,
1107,16.08,5.0
1108,,
1109,16.1,3.33
1110,,
1111,16.12,2.5
1112,,
1113,16.14,5.0
1114,,
1115,16.16,4.16
1116,,
1117,16.18,10.0
1118,,
1119,16.2,4.16
1120,,
1121,16.22,7.5
1122,,
1123,16.24,6.66
1124,,
1125,16.26,10.8
1126,,
1127,16.28,7.5
1128,,
1129,16.3,6.66
1130,,
1131,16.32,4.16
1132,,
1133,16.34,9.16
1134,,
1135,16.36,7.5
1136,,
1137,16.38,4.16
1138,,
1139,16.4,10.0
1140,,
1141,16.42,7.5
1142,,
1143,16.44,5.0
1144,,
1145,16.46,5.83
1146,,
1147,16.48,7.5
1148,,
1149,16.5,7.5
1150,,
1151,16.52,8.33
1152,,
1153,16.54,6.66
1154,,
1155,16.56,7.5
1156,,
1157,16.58,7.5
1158,,
1159,16.6,7.5
1160,,
1161,16.62,5.83
1162,,
1163,16.64,10.0
1164,,
1165,16.66,5.0
1166,,
1167,16.68,5.0
1168,,
1169,16.7,5.0
1170,,
1171,16.72,8.33
1172,,
1173,16.74,4.16
1174,,
1175,16.76,8.33
1176,,
1177,16.78,8.33
1178,,
1179,16.8,8.33
1180,,
1181,16.82,10.8
1182,,
1183,16.84,10.8
1184,,
1185,16.86,4.16
1186,,
1187,16.88,6.66
1188,,
1189,16.9,8.33
1190,,
1191,16.92,8.33
1192,,
1193,16.94,10.0
1194,,
1195,16.96,8.33
1196,,
1197,16.98,11.6
1198,,
1199,17.0,16.6
1200,,
1201,17.02,9.16
1202,,
1203,17.04,5.0
1204,,
1205,17.06,7.5
1206,,
1207,17.08,6.66
1208,,
1209,17.1,9.16
1210,,
1211,17.12,4.16
1212,,
1213,17.14,4.16
1214,,
1215,17.16,8.33
1216,,
1217,17.18,7.5
1218,,
1219,17.2,5.83
1220,,
1221,17.22,7.5
1222,,
1223,17.24,5.83
1224,,
1225,17.26,5.0
1226,,
1227,17.28,9.16
1228,,
1229,17.3,10.8
1230,,
1231,17.32,8.33
1232,,
1233,17.34,12.5
1234,,
1235,17.36,10.0
1236,,
1237,17.38,11.6
1238,,
1239,17.4,10.0
1240,,
1241,17.42,9.16
1242,,
1243,17.44,10.8
1244,,
1245,17.46,10.8
1246,,
1247,17.48,6.66
1248,,
1249,17.5,11.6
1250,,
1251,17.52,8.33
1252,,
1253,17.54,6.66
1254,,
1255,17.56,8.33
1256,,
1257,17.58,7.5
1258,,
1259,17.6,7.5
1260,,
1261,17.62,10.0
1262,,
1263,17.64,5.0
1264,,
1265,17.66,5.83
1266,,
1267,17.68,6.66
1268,,
1269,17.7,9.16
1270,,
1271,17.72,10.8
1272,,
1273,17.74,7.5
1274,,
1275,17.76,10.8
1276,,
1277,17.78,6.66
1278,,
1279,17.8,8.33
1280,,
1281,17.82,11.6
1282,,
1283,17.84,6.66
1284,,
1285,17.86,5.83
1286,,
1287,17.88,10.0
1288,,
1289,17.9,7.5
1290,,
1291,17.92,7.5
1292,,
1293,17.94,10.0
1294,,
1295,17.96,6.66
1296,,
1297,17.98,8.33
1298,,
1299,18.0,8.33
1300,,
1301,18.02,8.33
1302,,
1303,18.04,10.0
1304,,
1305,18.06,10.8
1306,,
1307,18.08,5.83
1308,,
1309,18.1,7.5
1310,,
1311,18.12,9.16
1312,,
1313,18.14,5.83
1314,,
1315,18.16,7.5
1316,,
1317,18.18,8.33
1318,,
1319,18.2,7.5
1320,,
1321,18.22,5.83
1322,,
1323,18.24,6.66
1324,,
1325,18.26,10.0
1326,,
1327,18.28,10.8
1328,,
1329,18.3,5.83
1330,,
1331,18.32,8.33
1332,,
1333,18.34,8.33
1334,,
1335,18.36,11.6
1336,,
1337,18.38,8.33
1338,,
1339,18.4,9.16
1340,,
1341,18.42,14.1
1342,,
1343,18.44,14.1
1344,,
1345,18.46,11.6
1346,,
1347,18.48,10.0
1348,,
1349,18.5,6.66
1350,,
1351,18.52,10.0
1352,,
1353,18.54,12.5
1354,,
1355,18.56,13.3
1356,,
1357,18.58,14.1
1358,,
1359,18.6,8.33
1360,,
1361,18.62,6.66
1362,,
1363,18.64,13.3
1364,,
1365,18.66,7.5
1366,,
1367,18.68,8.33
1368,,
1369,18.7,14.1
1370,,
1371,18.72,8.33
1372,,
1373,18.74,12.5
1374,,
1375,18.76,6.66
1376,,
1377,18.78,9.16
1378,,
1379,18.8,6.66
1380,,
1381,18.82,4.16
1382,,
1383,18.84,8.33
1384,,
1385,18.86,9.16
1386,,
1387,18.88,10.8
1388,,
1389,18.9,10.0
1390,,
1391,18.92,5.83
1392,,
1393,18.94,10.8
1394,,
1395,18.96,13.3
1396,,
1397,18.98,6.66
1398,,
1399,19.0,12.5
1400,,
1401,19.02,10.0
1402,,
1403,19.04,11.6
1404,,
1405,19.06,10.0
1406,,
1407,19.08,8.33
1408,,
1409,19.1,10.8
1410,,
1411,19.12,10.8
1412,,
1413,19.14,12.5
1414,,
1415,19.16,12.5
1416,,
1417,19.18,12.5
1418,,
1419,19.2,4.16
1420,,
1421,19.22,11.6
1422,,
1423,19.24,7.5
1424,,
1425,19.26,10.0
1426,,
1427,19.28,12.5
1428,,
1429,19.3,10.8
1430,,
1431,19.32,10.0
1432,,
1433,19.34,11.6
1434,,
1435,19.36,6.66
1436,,
1437,19.38,10.8
1438,,
1439,19.4,10.0
1440,,
1441,19.42,6.66
1442,,
1443,19.44,16.6
1444,,
1445,19.46,10.8
1446,,
1447,19.48,9.16
1448,,
1449,19.5,12.5
1450,,
1451,19.52,10.0
1452,,
1453,19.54,10.8
1454,,
1455,19.56,11.6
1456,,
1457,19.58,5.0
1458,,
1459,19.6,10.0
1460,,
1461,19.62,8.33
1462,,
1463,19.64,14.1
1464,,
1465,19.66,6.66
1466,,
1467,19.68,13.3
1468,,
1469,19.7,15.8
1470,,
1471,19.72,10.0
1472,,
1473,19.74,12.5
1474,,
1475,19.76,9.16
1476,,
1477,19.78,8.33
1478,,
1479,19.8,13.3
1480,,
1481,19.82,15.8
1482,,
1483,19.84,12.5
1484,,
1485,19.86,8.33
1486,,
1487,19.88,11.6
1488,,
1489,19.9,10.0
1490,,
1491,19.92,9.16
1492,,
1493,19.94,8.33
1494,,
1495,19.96,10.8
1496,,
1497,19.98,7.5
1498,,
1499,20.0,8.33
1500,,
1501,20.02,9.16
1502,,
1503,20.04,9.16
1504,,
1505,20.06,15.0
1506,,
1507,20.08,11.6
1508,,
1509,20.1,12.5
1510,,
1511,20.12,13.3
1512,,
1513,20.14,17.5
1514,,
1515,20.16,13.3
1516,,
1517,20.18,12.5
1518,,
1519,20.2,14.1
1520,,
1521,20.22,11.6
1522,,
1523,20.24,10.8
1524,,
1525,20.26,10.8
1526,,
1527,20.28,10.8
1528,,
1529,20.3,11.6
1530,,
1531,20.32,18.3
1532,,
1533,20.34,11.6
1534,,
1535,20.36,10.0
1536,,
1537,20.38,10.8
1538,,
1539,20.4,10.8
1540,,
1541,20.42,10.8
1542,,
1543,20.44,14.1
1544,,
1545,20.46,15.0
1546,,
1547,20.48,14.1
1548,,
1549,20.5,10.0
1550,,
1551,20.52,9.16
1552,,
1553,20.54,12.5
1554,,
1555,20.56,13.3
1556,,
1557,20.58,12.5
1558,,
1559,20.6,10.8
1560,,
1561,20.62,11.6
1562,,
1563,20.64,11.6
1564,,
1565,20.66,20.0
1566,,
1567,20.68,10.8
1568,,
1569,20.7,6.66
1570,,
1571,20.72,10.0
1572,,
1573,20.74,14.1
1574,,
1575,20.76,8.33
1576,,
1577,20.78,9.16
1578,,
1579,20.8,10.8
1580,,
1581,20.82,16.6
1582,,
1583,20.84,11.6
1584,,
1585,20.86,13.3
1586,,
1587,20.88,11.6
1588,,
1589,20.9,6.66
1590,,
1591,20.92,14.1
1592,,
1593,20.94,13.3
1594,,
1595,20.96,10.0
1596,,
1597,20.98,13.3
1598,,
1599,21.0,6.66
1600,,
1601,21.02,10.8
1602,,
1603,21.04,10.0
1604,,
1605,21.06,14.1
1606,,
1607,21.08,10.0
1608,,
1609,21.1,9.16
1610,,
1611,21.12,14.1
1612,,
1613,21.14,10.8
1614,,
1615,21.16,17.5
1616,,
1617,21.18,17.5
1618,,
1619,21.2,18.3
1620,,
1621,21.22,6.66
1622,,
1623,21.24,10.8
1624,,
1625,21.26,10.0
1626,,
1627,21.28,11.6
1628,,
1629,21.3,15.8
1630,,
1631,21.32,20.0
1632,,
1633,21.34,5.83
1634,,
1635,21.36,15.8
1636,,
1637,21.38,10.0
1638,,
1639,21.4,10.0
1640,,
1641,21.42,14.1
1642,,
1643,21.44,17.5
1644,,
1645,21.46,13.3
1646,,
1647,21.48,8.33
1648,,
1649,21.5,13.3
1650,,
1651,21.52,10.8
1652,,
1653,21.54,10.8
1654,,
1655,21.56,10.0
1656,,
1657,21.58,16.6
1658,,
1659,21.6,12.5
1660,,
1661,21.62,15.8
1662,,
1663,21.64,15.0
1664,,
1665,21.66,6.66
1666,,
1667,21.68,10.0
1668,,
1669,21.7,10.8
1670,,
1671,21.72,20.8
1672,,
1673,21.74,12.5
1674,,
1675,21.76,16.6
1676,,
1677,21.78,12.5
1678,,
1679,21.8,20.8
1680,,
1681,21.82,17.5
1682,,
1683,21.84,12.5
1684,,
1685,21.86,11.6
1686,,
1687,21.88,12.5
1688,,
1689,21.9,13.3
1690,,
1691,21.92,15.0
1692,,
1693,21.94,13.3
1694,,
1695,21.96,10.0
1696,,
1697,21.98,20.0
1698,,
1699,22.0,14.1
1700,,
1701,22.02,13.3
1702,,
1703,22.04,9.16
1704,,
1705,22.06,14.1
1706,,
1707,22.08,14.1
1708,,
1709,22.1,10.8
1710,,
1711,22.12,9.16
1712,,
1713,22.14,19.1
1714,,
1715,22.16,11.6
1716,,
1717,22.18,13.3
1718,,
1719,22.2,14.1
1720,,
1721,22.22,14.1
1722,,
1723,22.24,15.8
1724,,
1725,22.26,15.8
1726,,
1727,22.28,8.33
1728,,
1729,22.3,14.1
1730,,
1731,22.32,15.0
1732,,
1733,22.34,11.6
1734,,
1735,22.36,18.3
1736,,
1737,22.38,15.0
1738,,
1739,22.4,14.1
1740,,
1741,22.42,13.3
1742,,
1743,22.44,10.8
1744,,
1745,22.46,13.3
1746,,
1747,22.48,14.1
1748,,
1749,22.5,13.3
1750,,
1751,22.52,9.16
1752,,
1753,22.54,20.8
1754,,
1755,22.56,15.0
1756,,
1757,22.58,16.6
1758,,
1759,22.6,10.8
1760,,
1761,22.62,7.5
1762,,
1763,22.64,22.5
1764,,
1765,22.66,13.3
1766,,
1767,22.68,13.3
1768,,
1769,22.7,10.8
1770,,
1771,22.72,8.33
1772,,
1773,22.74,13.3
1774,,
1775,22.76,13.3
1776,,
1777,22.78,14.1
1778,,
1779,22.8,10.0
1780,,
1781,22.82,15.8
1782,,
1783,22.84,16.6
1784,,
1785,22.86,13.3
1786,,
1787,22.88,9.16
1788,,
1789,22.9,11.6
1790,,
1791,22.92,12.5
1792,,
1793,22.94,10.8
1794,,
1795,22.96,13.3
1796,,
1797,22.98,14.1
1798,,
1799,23.0,15.0
1800,,
1801,23.02,15.0
1802,,
1803,23.04,16.6
1804,,
1805,23.06,17.5
1806,,
1807,23.08,14.1
1808,,
1809,23.1,17.5
1810,,
1811,23.12,14.1
1812,,
1813,23.14,13.3
1814,,
1815,23.16,17.5
1816,,
1817,23.18,10.8
1818,,
1819,23.2,14.1
1820,,
1821,23.22,13.3
1822,,
1823,23.24,9.16
1824,,
1825,23.26,17.5
1826,,
1827,23.28,6.66
1828,,
1829,23.3,10.0
1830,,
1831,23.32,18.3
1832,,
1833,23.34,11.6
1834,,
1835,23.36,15.0
1836,,
1837,23.38,7.5
1838,,
1839,23.4,5.0
1840,,
1841,23.42,14.1
1842,,
1843,23.44,17.5
1844,,
1845,23.46,12.5
1846,,
1847,23.48,15.8
1848,,
1849,23.5,16.6
1850,,
1851,23.52,10.8
1852,,
1853,23.54,13.3
1854,,
1855,23.56,12.5
1856,,
1857,23.58,15.0
1858,,
1859,23.6,11.6
1860,,
1861,23.62,10.0
1862,,
1863,23.64,6.66
1864,,
1865,23.66,10.0
1866,,
1867,23.68,14.1
1868,,
1869,23.7,20.8
1870,,
1871,23.72,13.3
1872,,
1873,23.74,11.6
1874,,
1875,23.76,13.3
1876,,
1877,23.78,13.3
1878,,
1879,23.8,18.3
1880,,
1881,23.82,21.6
1882,,
1883,23.84,14.1
1884,,
1885,23.86,13.3
1886,,
1887,23.88,11.6
1888,,
1889,23.9,14.1
1890,,
1891,23.92,13.3
1892,,
1893,23.94,11.6
1894,,
1895,23.96,8.33
1896,,
1897,23.98,19.1
1898,,
1899,24.0,14.1
1900,,
1901,24.02,17.5
1902,,
1903,24.04,15.8
1904,,
1905,24.06,10.8
1906,,
1907,24.08,9.16
1908,,
1909,24.1,14.1
1910,,
1911,24.12,9.16
1912,,
1913,24.14,18.3
1914,,
1915,24.16,14.1
1916,,
1917,24.18,10.8
1918,,
1919,24.2,18.3
1920,,
1921,24.22,9.16
1922,,
1923,24.24,14.1
1924,,
1925,24.26,12.5
1926,,
1927,24.28,15.8
1928,,
1929,24.3,10.8
1930,,
1931,24.32,14.1
1932,,
1933,24.34,5.83
1934,,
1935,24.36,12.5
1936,,
1937,24.38,10.0
1938,,
1939,24.4,9.16
1940,,
1941,24.42,11.6
1942,,
1943,24.44,7.5
1944,,
1945,24.46,14.1
1946,,
1947,24.48,15.0
1948,,
1949,24.5,12.5
1950,,
1951,24.52,11.6
1952,,
1953,24.54,8.33
1954,,
1955,24.56,12.5
1956,,
1957,24.58,10.0
1958,,
1959,24.6,8.33
1960,,
1961,24.62,15.0
1962,,
1963,24.64,10.0
1964,,
1965,24.66,17.5
1966,,
1967,24.68,10.0
1968,,
1969,24.7,16.6
1970,,
1971,24.72,12.5
1972,,
1973,24.74,15.0
1974,,
1975,24.76,6.66
1976,,
1977,24.78,10.8
1978,,
1979,24.8,9.16
1980,,
1981,24.82,11.6
1982,,
1983,24.84,13.3
1984,,
1985,24.86,12.5
1986,,
1987,24.88,18.3
1988,,
1989,24.9,10.8
1990,,
1991,24.92,14.1
1992,,
1993,24.94,18.3
1994,,
1995,24.96,14.1
1996,,
1997,24.98,14.1
1998,,
1999,25.0,12.5
2000,,
2001,25.02,9.16
2002,,
2003,25.04,13.3
2004,,
2005,25.06,11.6
2006,,
2007,25.08,12.5
2008,,
2009,25.1,13.3
2010,,
2011,25.12,10.8
2012,,
2013,25.14,14.1
2014,,
2015,25.16,11.6
2016,,
2017,25.18,19.1
2018,,
2019,25.2,8.33
2020,,
2021,25.22,14.1
2022,,
2023,25.24,10.0
2024,,
2025,25.26,14.1
2026,,
2027,25.28,17.5
2028,,
2029,25.3,16.6
2030,,
2031,25.32,12.5
2032,,
2033,25.34,12.5
2034,,
2035,25.36,13.3
2036,,
2037,25.38,15.0
2038,,
2039,25.4,15.8
2040,,
2041,25.42,12.5
2042,,
2043,25.44,11.6
2044,,
2045,25.46,17.5
2046,,
2047,25.48,10.0
2048,,
2049,25.5,14.1
2050,,
2051,25.52,15.8
2052,,
2053,25.54,11.6
2054,,
2055,25.56,12.5
2056,,
2057,25.58,13.3
2058,,
2059,25.6,13.3
2060,,
2061,25.62,9.16
2062,,
2063,25.64,12.5
2064,,
2065,25.66,13.3
2066,,
2067,25.68,16.6
2068,,
2069,25.7,14.1
2070,,
2071,25.72,14.1
2072,,
2073,25.74,12.5
2074,,
2075,25.76,10.8
2076,,
2077,25.78,12.5
2078,,
2079,25.8,16.6
2080,,
2081,25.82,12.5
2082,,
2083,25.84,13.3
2084,,
2085,25.86,9.16
2086,,
2087,25.88,10.0
2088,,
2089,25.9,17.5
2090,,
2091,25.92,8.33
2092,,
2093,25.94,14.1
2094,,
2095,25.96,16.6
2096,,
2097,25.98,10.8
2098,,
2099,26.0,10.8
2100,,
2101,26.02,15.8
2102,,
2103,26.04,20.0
2104,,
2105,26.06,15.0
2106,,
2107,26.08,7.5
2108,,
2109,26.1,11.6
2110,,
2111,26.12,18.3
2112,,
2113,26.14,12.5
2114,,
2115,26.16,8.33
2116,,
2117,26.18,10.8
2118,,
2119,26.2,9.16
2120,,
2121,26.22,13.3
2122,,
2123,26.24,11.6
2124,,
2125,26.26,12.5
2126,,
2127,26.28,10.8
2128,,
2129,26.3,15.8
2130,,
2131,26.32,10.0
2132,,
2133,26.34,11.6
2134,,
2135,26.36,13.3
2136,,
2137,26.38,10.8
2138,,
2139,26.4,10.0
2140,,
2141,26.42,11.6
2142,,
2143,26.44,15.8
2144,,
2145,26.46,11.6
2146,,
2147,26.48,10.0
2148,,
2149,26.5,6.66
2150,,
2151,26.52,16.6
2152,,
2153,26.54,11.6
2154,,
2155,26.56,14.1
2156,,
2157,26.58,9.16
2158,,
2159,26.6,12.5
2160,,
2161,26.62,8.33
2162,,
2163,26.64,17.5
2164,,
2165,26.66,11.6
2166,,
2167,26.68,11.6
2168,,
2169,26.7,8.33
2170,,
2171,26.72,14.1
2172,,
2173,26.74,16.6
2174,,
2175,26.76,10.0
2176,,
2177,26.78,10.0
2178,,
2179,26.8,12.5
2180,,
2181,26.82,11.6
2182,,
2183,26.84,5.0
2184,,
2185,26.86,10.0
2186,,
2187,26.88,6.66
2188,,
2189,26.9,10.0
2190,,
2191,26.92,10.8
2192,,
2193,26.94,10.8
2194,,
2195,26.96,11.6
2196,,
2197,26.98,12.5
2198,,
2199,27.0,12.5
2200,,
2201,27.02,6.66
2202,,
2203,27.04,13.3
2204,,
2205,27.06,9.16
2206,,
2207,27.08,15.8
2208,,
2209,27.1,13.3
2210,,
2211,27.12,15.0
2212,,
2213,27.14,15.8
2214,,
2215,27.16,11.6
2216,,
2217,27.18,10.8
2218,,
2219,27.2,10.8
2220,,
2221,27.22,10.8
2222,,
2223,27.24,18.3
2224,,
2225,27.26,11.6
2226,,
2227,27.28,12.5
2228,,
2229,27.3,7.5
2230,,
2231,27.32,12.5
2232,,
2233,27.34,15.0
2234,,
2235,27.36,11.6
2236,,
2237,27.38,8.33
2238,,
2239,27.4,9.16
2240,,
2241,27.42,7.5
2242,,
2243,27.44,12.5
2244,,
2245,27.46,10.8
2246,,
2247,27.48,7.5
2248,,
2249,27.5,6.66
2250,,
2251,27.52,7.5
2252,,
2253,27.54,6.66
2254,,
2255,27.56,10.8
2256,,
2257,27.58,14.1
2258,,
2259,27.6,16.6
2260,,
2261,27.62,8.33
2262,,
2263,27.64,8.33
2264,,
2265,27.66,11.6
2266,,
2267,27.68,10.8
2268,,
2269,27.7,7.5
2270,,
2271,27.72,10.8
2272,,
2273,27.74,14.1
2274,,
2275,27.76,14.1
2276,,
2277,27.78,13.3
2278,,
2279,27.8,7.5
2280,,
2281,27.82,13.3
2282,,
2283,27.84,8.33
2284,,
2285,27.86,17.5
2286,,
2287,27.88,9.16
2288,,
2289,27.9,10.0
2290,,
2291,27.92,11.6
2292,,
2293,27.94,11.6
2294,,
2295,27.96,13.3
2296,,
2297,27.98,9.16
2298,,
2299,28.0,10.8
2300,,
2301,28.02,12.5
2302,,
2303,28.04,9.16
2304,,
2305,28.06,8.33
2306,,
2307,28.08,5.83
2308,,
2309,28.1,9.16
2310,,
2311,28.12,9.16
2312,,
2313,28.14,10.8
2314,,
2315,28.16,10.8
2316,,
2317,28.18,8.33
2318,,
2319,28.2,10.8
2320,,
2321,28.22,3.33
2322,,
2323,28.24,10.0
2324,,
2325,28.26,8.33
2326,,
2327,28.28,9.16
2328,,
2329,28.3,10.8
2330,,
2331,28.32,8.33
2332,,
2333,28.34,12.5
2334,,
2335,28.36,11.6
2336,,
2337,28.38,9.16
2338,,
2339,28.4,5.83
2340,,
2341,28.42,11.6
2342,,
2343,28.44,10.0
2344,,
2345,28.46,5.83
2346,,
2347,28.48,9.16
2348,,
2349,28.5,9.16
2350,,
2351,28.52,11.6
2352,,
2353,28.54,8.33
2354,,
2355,28.56,8.33
2356,,
2357,28.58,8.33
2358,,
2359,28.6,10.8
2360,,
2361,28.62,15.0
2362,,
2363,28.64,7.5
2364,,
2365,28.66,9.16
2366,,
2367,28.68,10.8
2368,,
2369,28.7,10.0
2370,,
2371,28.72,10.0
2372,,
2373,28.74,9.16
2374,,
2375,28.76,5.83
2376,,
2377,28.78,11.6
2378,,
2379,28.8,8.33
2380,,
2381,28.82,12.5
2382,,
2383,28.84,11.6
2384,,
2385,28.86,10.0
2386,,
2387,28.88,10.8
2388,,
2389,28.9,15.0
2390,,
2391,28.92,10.0
2392,,
2393,28.94,7.5
2394,,
2395,28.96,7.5
2396,,
2397,28.98,10.0
2398,,
2399,29.0,10.0
2400,,
2401,29.02,11.6
2402,,
2403,29.04,15.0
2404,,
2405,29.06,6.66
2406,,
2407,29.08,8.33
2408,,
2409,29.1,12.5
2410,,
2411,29.12,14.1
2412,,
2413,29.14,11.6
2414,,
2415,29.16,10.0
2416,,
2417,29.18,8.33
2418,,
2419,29.2,10.0
2420,,
2421,29.22,9.16
2422,,
2423,29.24,8.33
2424,,
2425,29.26,9.16
2426,,
2427,29.28,11.6
2428,,
2429,29.3,7.5
2430,,
2431,29.32,10.0
2432,,
2433,29.34,7.5
2434,,
2435,29.36,10.0
2436,,
2437,29.38,5.83
2438,,
2439,29.4,7.5
2440,,
2441,29.42,4.16
2442,,
2443,29.44,11.6
2444,,
2445,29.46,6.66
2446,,
2447,29.48,9.16
2448,,
2449,29.5,11.6
2450,,
2451,29.52,7.5
2452,,
2453,29.54,7.5
2454,,
2455,29.56,9.16
2456,,
2457,29.58,12.5
2458,,
2459,29.6,10.8
2460,,
2461,29.62,5.0
2462,,
2463,29.64,5.0
2464,,
2465,29.66,13.3
2466,,
2467,29.68,11.6
2468,,
2469,29.7,6.66
2470,,
2471,29.72,10.0
2472,,
2473,29.74,11.6
2474,,
2475,29.76,6.66
2476,,
2477,29.78,4.16
2478,,
2479,29.8,5.83
2480,,
2481,29.82,7.5
2482,,
2483,29.84,10.8
2484,,
2485,29.86,10.8
2486,,
2487,29.88,10.0
2488,,
2489,29.9,6.66
2490,,
2491,29.92,5.83
2492,,
2493,29.94,6.66
2494,,
2495,29.96,9.16
2496,,
2497,29.98,10.0
2498,,
2499,30.0,12.5
2500,,
2501,30.02,9.16
2502,,
2503,30.04,8.33
2504,,
2505,30.06,9.16
2506,,
2507,30.08,8.33
2508,,
2509,30.1,8.33
2510,,
2511,30.12,11.6
2512,,
2513,30.14,10.0
2514,,
2515,30.16,11.6
2516,,
2517,30.18,11.6
2518,,
2519,30.2,6.66
2520,,
2521,30.22,9.16
2522,,
2523,30.24,8.33
2524,,
2525,30.26,6.66
2526,,
2527,30.28,6.66
2528,,
2529,30.3,8.33
2530,,
2531,30.32,10.0
2532,,
2533,30.34,9.16
2534,,
2535,30.36,7.5
2536,,
2537,30.38,10.0
2538,,
2539,30.4,5.83
2540,,
2541,30.42,13.3
2542,,
2543,30.44,6.66
2544,,
2545,30.46,10.8
2546,,
2547,30.48,12.5
2548,,
2549,30.5,5.83
2550,,
2551,30.52,8.33
2552,,
2553,30.54,7.5
2554,,
2555,30.56,13.3
2556,,
2557,30.58,11.6
2558,,
2559,30.6,9.16
2560,,
2561,30.62,8.33
2562,,
2563,30.64,8.33
2564,,
2565,30.66,8.33
2566,,
2567,30.68,8.33
2568,,
2569,30.7,8.33
2570,,
2571,30.72,10.0
2572,,
2573,30.74,10.0
2574,,
2575,30.76,9.16
2576,,
2577,30.78,9.16
2578,,
2579,30.8,5.83
2580,,
2581,30.82,10.8
2582,,
2583,30.84,8.33
2584,,
2585,30.86,11.6
2586,,
2587,30.88,4.16
2588,,
2589,30.9,13.3
2590,,
2591,30.92,9.16
2592,,
2593,30.94,6.66
2594,,
2595,30.96,12.5
2596,,
2597,30.98,3.33
2598,,
2599,31.0,9.16
2600,,
2601,31.02,6.66
2602,,
2603,31.04,12.5
2604,,
2605,31.06,15.0
2606,,
2607,31.08,7.5
2608,,
2609,31.1,11.6
2610,,
2611,31.12,8.33
2612,,
2613,31.14,10.0
2614,,
2615,31.16,10.8
2616,,
2617,31.18,11.6
2618,,
2619,31.2,8.33
2620,,
2621,31.22,5.83
2622,,
2623,31.24,9.16
2624,,
2625,31.26,6.66
2626,,
2627,31.28,10.8
2628,,
2629,31.3,7.5
2630,,
2631,31.32,7.5
2632,,
2633,31.34,6.66
2634,,
2635,31.36,7.5
2636,,
2637,31.38,5.0
2638,,
2639,31.4,10.8
2640,,
2641,31.42,6.66
2642,,
2643,31.44,11.6
2644,,
2645,31.46,7.5
2646,,
2647,31.48,9.16
2648,,
2649,31.5,3.33
2650,,
2651,31.52,9.16
2652,,
2653,31.54,5.83
2654,,
2655,31.56,6.66
2656,,
2657,31.58,9.16
2658,,
2659,31.6,5.83
2660,,
2661,31.62,10.8
2662,,
2663,31.64,8.33
2664,,
2665,31.66,8.33
2666,,
2667,31.68,7.5
2668,,
2669,31.7,10.0
2670,,
2671,31.72,10.8
2672,,
2673,31.74,7.5
2674,,
2675,31.76,5.83
2676,,
2677,31.78,5.0
2678,,
2679,31.8,9.16
2680,,
2681,31.82,10.0
2682,,
2683,31.84,5.0
2684,,
2685,31.86,4.16
2686,,
2687,31.88,9.16
2688,,
2689,31.9,9.16
2690,,
2691,31.92,6.66
2692,,
2693,31.94,5.0
2694,,
2695,31.96,9.16
2696,,
2697,31.98,8.33
2698,,
2699,32.0,5.0
2700,,
2701,32.02,10.0
2702,,
2703,32.04,10.0
2704,,
2705,32.06,7.5
2706,,
2707,32.08,11.6
2708,,
2709,32.1,5.83
2710,,
2711,32.12,13.3
2712,,
2713,32.14,10.0
2714,,
2715,32.16,6.66
2716,,
2717,32.18,8.33
2718,,
2719,32.2,10.0
2720,,
2721,32.22,4.16
2722,,
2723,32.24,10.0
2724,,
2725,32.26,12.5
2726,,
2727,32.28,10.8
2728,,
2729,32.3,6.66
2730,,
2731,32.32,9.16
2732,,
2733,32.34,6.66
2734,,
2735,32.36,12.5
2736,,
2737,32.38,5.83
2738,,
2739,32.4,5.0
2740,,
2741,32.42,4.16
2742,,
2743,32.44,9.16
2744,,
2745,32.46,4.16
2746,,
2747,32.48,5.0
2748,,
2749,32.5,9.16
2750,,
2751,32.52,9.16
2752,,
2753,32.54,9.16
2754,,
2755,32.56,7.5
2756,,
2757,32.58,10.8
2758,,
2759,32.6,9.16
2760,,
2761,32.62,10.0
2762,,
2763,32.64,5.83
2764,,
2765,32.66,10.0
2766,,
2767,32.68,6.66
2768,,
2769,32.7,9.16
2770,,
2771,32.72,8.33
2772,,
2773,32.74,4.16
2774,,
2775,32.76,5.0
2776,,
2777,32.78,10.8
2778,,
2779,32.8,7.5
2780,,
2781,32.82,10.0
2782,,
2783,32.84,6.66
2784,,
2785,32.86,11.6
2786,,
2787,32.88,7.5
2788,,
2789,32.9,4.16
2790,,
2791,32.92,13.3
2792,,
2793,32.94,1.66
2794,,
2795,32.96,2.5
2796,,
2797,32.98,5.0
2798,,
2799,33.0,4.16
2800,,
2801,33.02,6.66
2802,,
2803,33.04,8.33
2804,,
2805,33.06,10.0
2806,,
2807,33.08,8.33
2808,,
2809,33.1,9.16
2810,,
2811,33.12,7.5
2812,,
2813,33.14,7.5
2814,,
2815,33.16,6.66
2816,,
2817,33.18,9.16
2818,,
2819,33.2,8.33
2820,,
2821,33.22,6.66
2822,,
2823,33.24,11.6
2824,,
2825,33.26,6.66
2826,,
2827,33.28,6.66
2828,,
2829,33.3,8.33
2830,,
2831,33.32,7.5
2832,,
2833,33.34,8.33
2834,,
2835,33.36,5.83
2836,,
2837,33.38,10.8
2838,,
2839,33.4,5.83
2840,,
2841,33.42,10.8
2842,,
2843,33.44,7.5
2844,,
2845,33.46,5.0
2846,,
2847,33.48,11.6
2848,,
2849,33.5,10.0
2850,,
2851,33.52,5.0
2852,,
2853,33.54,5.0
2854,,
2855,33.56,5.0
2856,,
2857,33.58,11.6
2858,,
2859,33.6,3.33
2860,,
2861,33.62,7.5
2862,,
2863,33.64,11.6
2864,,
2865,33.66,5.0
2866,,
2867,33.68,9.16
2868,,
2869,33.7,13.3
2870,,
2871,33.72,10.0
2872,,
2873,33.74,5.0
2874,,
2875,33.76,10.8
2876,,
2877,33.78,7.5
2878,,
2879,33.8,5.0
2880,,
2881,33.82,5.0
2882,,
2883,33.84,7.5
2884,,
2885,33.86,11.6
2886,,
2887,33.88,6.66
2888,,
2889,33.9,6.66
2890,,
2891,33.92,7.5
2892,,
2893,33.94,10.0
2894,,
2895,33.96,5.83
2896,,
2897,33.98,5.0
2898,,
2899,34.0,6.66
2900,,
2901,34.02,13.3
2902,,
2903,34.04,4.16
2904,,
2905,34.06,11.6
2906,,
2907,34.08,7.5
2908,,
2909,34.1,12.5
2910,,
2911,34.12,10.8
2912,,
2913,34.14,10.8
2914,,
2915,34.16,8.33
2916,,
2917,34.18,1.66
2918,,
2919,34.2,10.8
2920,,
2921,34.22,12.5
2922,,
2923,34.24,8.33
2924,,
2925,34.26,5.0
2926,,
2927,34.28,10.0
2928,,
2929,34.3,10.8
2930,,
2931,34.32,11.6
2932,,
2933,34.34,10.0
2934,,
2935,34.36,7.5
2936,,
2937,34.38,5.83
2938,,
2939,34.4,10.0
2940,,
2941,34.42,8.33
2942,,
2943,34.44,5.83
2944,,
2945,34.46,8.33
2946,,
2947,34.48,13.3
2948,,
2949,34.5,13.3
2950,,
2951,34.52,7.5
2952,,
2953,34.54,6.66
2954,,
2955,34.56,9.16
2956,,
2957,34.58,5.83
2958,,
2959,34.6,14.1
2960,,
2961,34.62,5.83
2962,,
2963,34.64,9.16
2964,,
2965,34.66,4.16
2966,,
2967,34.68,6.66
2968,,
2969,34.7,11.6
2970,,
2971,34.72,10.0
2972,,
2973,34.74,12.5
2974,,
2975,34.76,10.0
2976,,
2977,34.78,10.8
2978,,
2979,34.8,9.16
2980,,
2981,34.82,4.16
2982,,
2983,34.84,15.0
2984,,
2985,34.86,14.1
2986,,
2987,34.88,8.33
2988,,
2989,34.9,7.5
2990,,
2991,34.92,10.8
2992,,
2993,34.94,9.16
2994,,
2995,34.96,7.5
2996,,
2997,34.98,8.33
2998,,
2999,35.0,5.0
3000,,
3001,35.02,10.0
3002,,
3003,35.04,7.5
3004,,
3005,35.06,8.33
3006,,
3007,35.08,10.8
3008,,
3009,35.1,5.83
3010,,
3011,35.12,9.16
3012,,
3013,35.14,8.33
3014,,
3015,35.16,10.0
3016,,
3017,35.18,6.66
3018,,
3019,35.2,4.16
3020,,
3021,35.22,6.66
3022,,
3023,35.24,8.33
3024,,
3025,35.26,10.0
3026,,
3027,35.28,12.5
3028,,
3029,35.3,8.33
3030,,
3031,35.32,9.16
3032,,
3033,35.34,6.66
3034,,
3035,35.36,7.5
3036,,
3037,35.38,10.0
3038,,
3039,35.4,11.6
3040,,
3041,35.42,12.5
3042,,
3043,35.44,14.1
3044,,
3045,35.46,5.83
3046,,
3047,35.48,6.66
3048,,
3049,35.5,5.83
3050,,
3051,35.52,10.8
3052,,
3053,35.54,6.66
3054,,
3055,35.56,9.16
3056,,
3057,35.58,8.33
3058,,
3059,35.6,14.1
3060,,
3061,35.62,10.8
3062,,
3063,35.64,3.33
3064,,
3065,35.66,6.66
3066,,
3067,35.68,9.16
3068,,
3069,35.7,11.6
3070,,
3071,35.72,9.16
3072,,
3073,35.74,11.6
3074,,
3075,35.76,8.33
3076,,
3077,35.78,10.0
3078,,
3079,35.8,6.66
3080,,
3081,35.82,9.16
3082,,
3083,35.84,17.5
3084,,
3085,35.86,4.16
3086,,
3087,35.88,5.0
3088,,
3089,35.9,4.16
3090,,
3091,35.92,7.5
3092,,
3093,35.94,5.0
3094,,
3095,35.96,9.16
3096,,
3097,35.98,10.0
3098,,
3099,36.0,6.66
3100,,
3101,36.02,10.8
3102,,
3103,36.04,7.5
3104,,
3105,36.06,5.0
3106,,
3107,36.08,8.33
3108,,
3109,36.1,7.5
3110,,
3111,36.12,10.8
3112,,
3113,36.14,10.0
3114,,
3115,36.16,6.66
3116,,
3117,36.18,9.16
3118,,
3119,36.2,6.66
3120,,
3121,36.22,5.83
3122,,
3123,36.24,6.66
3124,,
3125,36.26,9.16
3126,,
3127,36.28,14.1
3128,,
3129,36.3,10.0
3130,,
3131,36.32,2.5
3132,,
3133,36.34,4.16
3134,,
3135,36.36,5.83
3136,,
3137,36.38,7.5
3138,,
3139,36.4,3.33
3140,,
3141,36.42,5.83
3142,,
3143,36.44,6.66
3144,,
3145,36.46,11.6
3146,,
3147,36.48,10.0
3148,,
3149,36.5,8.33
3150,,
3151,36.52,7.5
3152,,
3153,36.54,14.1
3154,,
3155,36.56,10.8
3156,,
3157,36.58,12.5
3158,,
3159,36.6,10.8
3160,,
3161,36.62,14.1
3162,,
3163,36.64,6.66
3164,,
3165,36.66,10.8
3166,,
3167,36.68,10.0
3168,,
3169,36.7,9.16
3170,,
3171,36.72,5.83
3172,,
3173,36.74,6.66
3174,,
3175,36.76,7.5
3176,,
3177,36.78,5.83
3178,,
3179,36.8,9.16
3180,,
3181,36.82,3.33
3182,,
3183,36.84,7.5
3184,,
3185,36.86,5.83
3186,,
3187,36.88,7.5
3188,,
3189,36.9,8.33
3190,,
3191,36.92,8.33
3192,,
3193,36.94,5.83
3194,,
3195,36.96,8.33
3196,,
3197,36.98,10.0
3198,,
3199,37.0,5.83
3200,,
3201,37.02,9.16
3202,,
3203,37.04,8.33
3204,,
3205,37.06,8.33
3206,,
3207,37.08,8.33
3208,,
3209,37.1,10.8
3210,,
3211,37.12,9.16
3212,,
3213,37.14,10.0
3214,,
3215,37.16,8.33
3216,,
3217,37.18,12.5
3218,,
3219,37.2,5.0
3220,,
3221,37.22,8.33
3222,,
3223,37.24,7.5
3224,,
3225,37.26,5.83
3226,,
3227,37.28,7.5
3228,,
3229,37.3,6.66
3230,,
3231,37.32,9.16
3232,,
3233,37.34,8.33
3234,,
3235,37.36,4.16
3236,,
3237,37.38,7.5
3238,,
3239,37.4,6.66
3240,,
3241,37.42,11.6
3242,,
3243,37.44,8.33
3244,,
3245,37.46,8.33
3246,,
3247,37.48,4.16
3248,,
3249,37.5,6.66
3250,,
3251,37.52,9.16
3252,,
3253,37.54,7.5
3254,,
3255,37.56,10.0
3256,,
3257,37.58,6.66
3258,,
3259,37.6,4.16
3260,,
3261,37.62,5.83
3262,,
3263,37.64,7.5
3264,,
3265,37.66,7.5
3266,,
3267,37.68,7.5
3268,,
3269,37.7,7.5
3270,,
3271,37.72,10.0
3272,,
3273,37.74,5.83
3274,,
3275,37.76,5.83
3276,,
3277,37.78,5.0
3278,,
3279,37.8,5.83
3280,,
3281,37.82,7.5
3282,,
3283,37.84,7.5
3284,,
3285,37.86,6.66
3286,,
3287,37.88,4.16
3288,,
3289,37.9,6.66
3290,,
3291,37.92,7.5
3292,,
3293,37.94,9.16
3294,,
3295,37.96,6.66
3296,,
3297,37.98,6.66
3298,,
3299,38.0,10.0
3300,,
3301,38.02,5.0
3302,,
3303,38.04,6.66
3304,,
3305,38.06,6.66
3306,,
3307,38.08,7.5
3308,,
3309,38.1,4.16
3310,,
3311,38.12,4.16
3312,,
3313,38.14,10.8
3314,,
3315,38.16,7.5
3316,,
3317,38.18,7.5
3318,,
3319,38.2,11.6
3320,,
3321,38.22,5.0
3322,,
3323,38.24,7.5
3324,,
3325,38.26,10.8
3326,,
3327,38.28,11.6
3328,,
3329,38.3,7.5
3330,,
3331,38.32,9.16
3332,,
3333,38.34,8.33
3334,,
3335,38.36,7.5
3336,,
3337,38.38,2.5
3338,,
3339,38.4,6.66
3340,,
3341,38.42,11.6
3342,,
3343,38.44,5.0
3344,,
3345,38.46,6.66
3346,,
3347,38.48,8.33
3348,,
3349,38.5,12.5
3350,,
3351,38.52,9.16
3352,,
3353,38.54,6.66
3354,,
3355,38.56,5.0
3356,,
3357,38.58,8.33
3358,,
3359,38.6,7.5
3360,,
3361,38.62,7.5
3362,,
3363,38.64,6.66
3364,,
3365,38.66,4.16
3366,,
3367,38.68,8.33
3368,,
3369,38.7,4.16
3370,,
3371,38.72,4.16
3372,,
3373,38.74,7.5
3374,,
3375,38.76,5.83
3376,,
3377,38.78,9.16
3378,,
3379,38.8,6.66
3380,,
3381,38.82,5.0
3382,,
3383,38.84,4.16
3384,,
3385,38.86,10.0
3386,,
3387,38.88,6.66
3388,,
3389,38.9,4.16
3390,,
3391,38.92,7.5
3392,,
3393,38.94,12.5
3394,,
3395,38.96,6.66
3396,,
3397,38.98,7.5
3398,,
3399,39.0,5.0
3400,,
3401,39.02,8.33
3402,,
3403,39.04,5.0
3404,,
3405,39.06,9.16
3406,,
3407,39.08,10.0
3408,,
3409,39.1,7.5
3410,,
3411,39.12,8.33
3412,,
3413,39.14,5.83
3414,,
3415,39.16,9.16
3416,,
3417,39.18,5.0
3418,,
3419,39.2,6.66
3420,,
3421,39.22,8.33
3422,,
3423,39.24,8.33
3424,,
3425,39.26,6.66
3426,,
3427,39.28,8.33
3428,,
3429,39.3,12.5
3430,,
3431,39.32,10.0
3432,,
3433,39.34,6.66
3434,,
3435,39.36,14.1
3436,,
3437,39.38,5.83
3438,,
3439,39.4,4.16
3440,,
3441,39.42,12.5
3442,,
3443,39.44,5.0
3444,,
3445,39.46,7.5
3446,,
3447,39.48,6.66
3448,,
3449,39.5,6.66
3450,,
3451,39.52,7.5
3452,,
3453,39.54,9.16
3454,,
3455,39.56,5.0
3456,,
3457,39.58,8.33
3458,,
3459,39.6,10.0
3460,,
3461,39.62,6.66
3462,,
3463,39.64,10.0
3464,,
3465,39.66,3.33
3466,,
3467,39.68,7.5
3468,,
3469,39.7,7.5
3470,,
3471,39.72,12.5
3472,,
3473,39.74,4.16
3474,,
3475,39.76,7.5
3476,,
3477,39.78,10.0
3478,,
3479,39.8,7.5
3480,,
3481,39.82,9.16
3482,,
3483,39.84,10.0
3484,,
3485,39.86,6.66
3486,,
3487,39.88,5.83
3488,,
3489,39.9,4.16
3490,,
3491,39.92,5.83
3492,,
3493,39.94,5.83
3494,,
3495,39.96,10.0
3496,,
3497,39.98,5.0
3498,,
3499,40.0,7.5
3500,,
3501,40.02,10.0
3502,,
3503,40.04,5.0
3504,,
3505,40.06,8.33
3506,,
3507,40.08,11.6
3508,,
3509,40.1,6.66
3510,,
3511,40.12,5.83
3512,,
3513,40.14,8.33
3514,,
3515,40.16,5.0
3516,,
3517,40.18,5.0
3518,,
3519,40.2,10.0
3520,,
3521,40.22,2.5
3522,,
3523,40.24,6.66
3524,,
3525,40.26,5.83
3526,,
3527,40.28,5.0
3528,,
3529,40.3,9.16
3530,,
3531,40.32,8.33
3532,,
3533,40.34,13.3
3534,,
3535,40.36,12.5
3536,,
3537,40.38,8.33
3538,,
3539,40.4,6.66
3540,,
3541,40.42,9.16
3542,,
3543,40.44,5.0
3544,,
3545,40.46,9.16
3546,,
3547,40.48,8.33
3548,,
3549,40.5,9.16
3550,,
3551,40.52,4.16
3552,,
3553,40.54,9.16
3554,,
3555,40.56,10.0
3556,,
3557,40.58,6.66
3558,,
3559,40.6,8.33
3560,,
3561,40.62,9.16
3562,,
3563,40.64,5.83
3564,,
3565,40.66,10.0
3566,,
3567,40.68,4.16
3568,,
3569,40.7,6.66
3570,,
3571,40.72,6.66
3572,,
3573,40.74,3.33
3574,,
3575,40.76,9.16
3576,,
3577,40.78,7.5
3578,,
3579,40.8,5.83
3580,,
3581,40.82,5.83
3582,,
3583,40.84,6.66
3584,,
3585,40.86,11.6
3586,,
3587,40.88,5.83
3588,,
3589,40.9,7.5
3590,,
3591,40.92,5.0
3592,,
3593,40.94,6.66
3594,,
3595,40.96,6.66
3596,,
3597,40.98,5.83
3598,,
3599,41.0,7.5
3600,,
3601,41.02,5.0
3602,,
3603,41.04,4.16
3604,,
3605,41.06,10.0
3606,,
3607,41.08,3.33
3608,,
3609,41.1,6.66
3610,,
3611,41.12,10.8
3612,,
3613,41.14,4.16
3614,,
3615,41.16,6.66
3616,,
3617,41.18,9.16
3618,,
3619,41.2,7.5
3620,,
3621,41.22,7.5
3622,,
3623,41.24,6.66
3624,,
3625,41.26,10.0
3626,,
3627,41.28,9.16
3628,,
3629,41.3,3.33
3630,,
3631,41.32,3.33
3632,,
3633,41.34,6.66
3634,,
3635,41.36,10.8
3636,,
3637,41.38,8.33
3638,,
3639,41.4,8.33
3640,,
3641,41.42,6.66
3642,,
3643,41.44,13.3
3644,,
3645,41.46,5.83
3646,,
3647,41.48,1.66
3648,,
3649,41.5,5.83
3650,,
3651,41.52,5.83
3652,,
3653,41.54,5.0
3654,,
3655,41.56,4.16
3656,,
3657,41.58,5.0
3658,,
3659,41.6,10.0
3660,,
3661,41.62,5.0
3662,,
3663,41.64,11.6
3664,,
3665,41.66,11.6
3666,,
3667,41.68,6.66
3668,,
3669,41.7,4.16
3670,,
3671,41.72,5.83
3672,,
3673,41.74,5.83
3674,,
3675,41.76,7.5
3676,,
3677,41.78,8.33
3678,,
3679,41.8,6.66
3680,,
3681,41.82,5.83
3682,,
3683,41.84,5.0
3684,,
3685,41.86,5.0
3686,,
3687,41.88,7.5
3688,,
3689,41.9,5.0
3690,,
3691,41.92,4.16
3692,,
3693,41.94,9.16
3694,,
3695,41.96,7.5
3696,,
3697,41.98,9.16
3698,,
3699,42.0,5.83
3700,,
3701,42.02,5.83
3702,,
3703,42.04,9.16
3704,,
3705,42.06,10.8
3706,,
3707,42.08,5.83
3708,,
3709,42.1,5.0
3710,,
3711,42.12,10.0
3712,,
3713,42.14,5.0
3714,,
3715,42.16,5.83
3716,,
3717,42.18,10.8
3718,,
3719,42.2,5.83
3720,,
3721,42.22,7.5
3722,,
3723,42.24,5.83
3724,,
3725,42.26,9.16
3726,,
3727,42.28,5.0
3728,,
3729,42.3,10.0
3730,,
3731,42.32,7.5
3732,,
3733,42.34,9.16
3734,,
3735,42.36,11.6
3736,,
3737,42.38,9.16
3738,,
3739,42.4,11.6
3740,,
3741,42.42,10.0
3742,,
3743,42.44,7.5
3744,,
3745,42.46,5.83
3746,,
3747,42.48,5.83
3748,,
3749,42.5,6.66
3750,,
3751,42.52,9.16
3752,,
3753,42.54,8.33
3754,,
3755,42.56,4.16
3756,,
3757,42.58,7.5
3758,,
3759,42.6,7.5
3760,,
3761,42.62,5.83
3762,,
3763,42.64,9.16
3764,,
3765,42.66,9.16
3766,,
3767,42.68,7.5
3768,,
3769,42.7,4.16
3770,,
3771,42.72,7.5
3772,,
3773,42.74,7.5
3774,,
3775,42.76,5.83
3776,,
3777,42.78,10.0
3778,,
3779,42.8,10.0
3780,,
3781,42.82,8.33
3782,,
3783,42.84,10.8
3784,,
3785,42.86,7.5
3786,,
3787,42.88,5.83
3788,,
3789,42.9,6.66
3790,,
3791,42.92,8.33
3792,,
3793,42.94,5.0
3794,,
3795,42.96,8.33
3796,,
3797,42.98,5.0
3798,,
3799,43.0,7.5
3800,,
3801,43.02,4.16
3802,,
3803,43.04,3.33
3804,,
3805,43.06,9.16
3806,,
3807,43.08,6.66
3808,,
3809,43.1,8.33
3810,,
3811,43.12,10.0
3812,,
3813,43.14,7.5
3814,,
3815,43.16,6.66
3816,,
3817,43.18,10.0
3818,,
3819,43.2,9.16
3820,,
3821,43.22,8.33
3822,,
3823,43.24,7.5
3824,,
3825,43.26,6.66
3826,,
3827,43.28,5.83
3828,,
3829,43.3,7.5
3830,,
3831,43.32,8.33
3832,,
3833,43.34,12.5
3834,,
3835,43.36,1.66
3836,,
3837,43.38,5.0
3838,,
3839,43.4,6.66
3840,,
3841,43.42,5.83
3842,,
3843,43.44,7.5
3844,,
3845,43.46,7.5
3846,,
3847,43.48,6.66
3848,,
3849,43.5,8.33
3850,,
3851,43.52,5.0
3852,,
3853,43.54,6.66
3854,,
3855,43.56,4.16
3856,,
3857,43.58,5.83
3858,,
3859,43.6,7.5
3860,,
3861,43.62,5.83
3862,,
3863,43.64,9.16
3864,,
3865,43.66,6.66
3866,,
3867,43.68,7.5
3868,,
3869,43.7,9.16
3870,,
3871,43.72,5.83
3872,,
3873,43.74,8.33
3874,,
3875,43.76,5.83
3876,,
3877,43.78,3.33
3878,,
3879,43.8,7.5
3880,,
3881,43.82,4.16
3882,,
3883,43.84,3.33
3884,,
3885,43.86,9.16
3886,,
3887,43.88,7.5
3888,,
3889,43.9,8.33
3890,,
3891,43.92,6.66
3892,,
3893,43.94,4.16
3894,,
3895,43.96,8.33
3896,,
3897,43.98,6.66
3898,,
3899,44.0,7.5
3900,,
3901,44.02,9.16
3902,,
3903,44.04,6.66
3904,,
3905,44.06,6.66
3906,,
3907,44.08,10.0
3908,,
3909,44.1,7.5
3910,,
3911,44.12,11.6
3912,,
3913,44.14,5.83
3914,,
3915,44.16,9.16
3916,,
3917,44.18,6.66
3918,,
3919,44.2,7.5
3920,,
3921,44.22,7.5
3922,,
3923,44.24,5.0
3924,,
3925,44.26,7.5
3926,,
3927,44.28,6.66
3928,,
3929,44.3,3.33
3930,,
3931,44.32,6.66
3932,,
3933,44.34,5.83
3934,,
3935,44.36,6.66
3936,,
3937,44.38,9.16
3938,,
3939,44.4,5.0
3940,,
3941,44.42,10.0
3942,,
3943,44.44,6.66
3944,,
3945,44.46,4.16
3946,,
3947,44.48,7.5
3948,,
3949,44.5,5.83
3950,,
3951,44.52,7.5
3952,,
3953,44.54,9.16
3954,,
3955,44.56,5.0
3956,,
3957,44.58,2.5
3958,,
3959,44.6,5.83
3960,,
3961,44.62,5.0
3962,,
3963,44.64,6.66
3964,,
3965,44.66,5.0
3966,,
3967,44.68,6.66
3968,,
3969,44.7,7.5
3970,,
3971,44.72,7.5
3972,,
3973,44.74,7.5
3974,,
3975,44.76,8.33
3976,,
3977,44.78,4.16
3978,,
3979,44.8,7.5
3980,,
3981,44.82,8.33
3982,,
3983,44.84,5.0
3984,,
3985,44.86,9.16
3986,,
3987,44.88,5.83
3988,,
3989,44.9,5.0
3990,,
3991,44.92,5.83
3992,,
3993,44.94,3.33
3994,,
3995,44.96,11.6
3996,,
3997,44.98,5.83
3998,,
3999,45.0,5.0
4000,,
4001,45.02,10.8
4002,,
4003,45.04,10.0
4004,,
4005,45.06,7.5
4006,,
4007,45.08,5.83
4008,,
4009,45.1,9.16
4010,,
4011,45.12,6.66
4012,,
4013,45.14,10.0
4014,,
4015,45.16,3.33
4016,,
4017,45.18,4.16
4018,,
4019,45.2,7.5
4020,,
4021,45.22,6.66
4022,,
4023,45.24,3.33
4024,,
4025,45.26,5.0
4026,,
4027,45.28,7.5
4028,,
4029,45.3,9.16
4030,,
4031,45.32,13.3
4032,,
4033,45.34,2.5
4034,,
4035,45.36,8.33
4036,,
4037,45.38,5.83
4038,,
4039,45.4,6.66
4040,,
4041,45.42,5.83
4042,,
4043,45.44,5.0
4044,,
4045,45.46,6.66
4046,,
4047,45.48,8.33
4048,,
4049,45.5,5.83
4050,,
4051,45.52,5.83
4052,,
4053,45.54,5.83
4054,,
4055,45.56,4.16
4056,,
4057,45.58,10.0
4058,,
4059,45.6,3.33
4060,,
4061,45.62,7.5
4062,,
4063,45.64,6.66
4064,,
4065,45.66,4.16
4066,,
4067,45.68,7.5
4068,,
4069,45.7,7.5
4070,,
4071,45.72,5.83
4072,,
4073,45.74,8.33
4074,,
4075,45.76,3.33
4076,,
4077,45.78,4.16
4078,,
4079,45.8,5.0
4080,,
4081,45.82,5.0
4082,,
4083,45.84,14.1
4084,,
4085,45.86,8.33
4086,,
4087,45.88,5.0
4088,,
4089,45.9,6.66
4090,,
4091,45.92,2.5
4092,,
4093,45.94,5.83
4094,,
4095,45.96,5.83
4096,,
4097,45.98,5.83
4098,,
4099,46.0,2.5
4100,,
4101,46.02,5.83
4102,,
4103,46.04,4.16
4104,,
4105,46.06,4.16
4106,,
4107,46.08,5.83
4108,,
4109,46.1,1.66
4110,,
4111,46.12,10.0
4112,,
4113,46.14,1.66
4114,,
4115,46.16,6.66
4116,,
4117,46.18,10.8
4118,,
4119,46.2,5.0
4120,,
4121,46.22,10.0
4122,,
4123,46.24,8.33
4124,,
4125,46.26,10.0
4126,,
4127,46.28,3.33
4128,,
4129,46.3,5.83
4130,,
4131,46.32,4.16
4132,,
4133,46.34,8.33
4134,,
4135,46.36,3.33
4136,,
4137,46.38,8.33
4138,,
4139,46.4,5.83
4140,,
4141,46.42,5.0
4142,,
4143,46.44,4.16
4144,,
4145,46.46,3.33
4146,,
4147,46.48,8.33
4148,,
4149,46.5,5.83
4150,,
4151,46.52,4.16
4152,,
4153,46.54,5.83
4154,,
4155,46.56,10.8
4156,,
4157,46.58,6.66
4158,,
4159,46.6,5.83
4160,,
4161,46.62,6.66
4162,,
4163,46.64,10.8
4164,,
4165,46.66,4.16
4166,,
4167,46.68,8.33
4168,,
4169,46.7,2.5
4170,,
4171,46.72,1.66
4172,,
4173,46.74,3.33
4174,,
4175,46.76,6.66
4176,,
4177,46.78,5.83
4178,,
4179,46.8,1.66
4180,,
4181,46.82,3.33
4182,,
4183,46.84,3.33
4184,,
4185,46.86,12.5
4186,,
4187,46.88,9.16
4188,,
4189,46.9,5.83
4190,,
4191,46.92,5.0
4192,,
4193,46.94,4.16
4194,,
4195,46.96,4.16
4196,,
4197,46.98,5.83
4198,,
4199,47.0,2.5
4200,,
4201,47.02,5.83
4202,,
4203,47.04,5.83
4204,,
4205,47.06,9.16
4206,,
4207,47.08,5.0
4208,,
4209,47.1,4.16
4210,,
4211,47.12,14.1
4212,,
4213,47.14,8.33
4214,,
4215,47.16,7.5
4216,,
4217,47.18,7.5
4218,,
4219,47.2,10.8
4220,,
4221,47.22,5.83
4222,,
4223,47.24,3.33
4224,,
4225,47.26,5.0
4226,,
4227,47.28,7.5
4228,,
4229,47.3,5.83
4230,,
4231,47.32,9.16
4232,,
4233,47.34,6.66
4234,,
4235,47.36,5.83
4236,,
4237,47.38,5.83
4238,,
4239,47.4,8.33
4240,,
4241,47.42,5.0
4242,,
4243,47.44,5.83
4244,,
4245,47.46,5.83
4246,,
4247,47.48,9.16
4248,,
4249,47.5,9.16
4250,,
4251,47.52,8.33
4252,,
4253,47.54,5.83
4254,,
4255,47.56,6.66
4256,,
4257,47.58,5.83
4258,,
4259,47.6,10.0
4260,,
4261,47.62,7.5
4262,,
4263,47.64,4.16
4264,,
4265,47.66,5.0
4266,,
4267,47.68,8.33
4268,,
4269,47.7,4.16
4270,,
4271,47.72,2.5
4272,,
4273,47.74,4.16
4274,,
4275,47.76,4.16
4276,,
4277,47.78,5.83
4278,,
4279,47.8,8.33
4280,,
4281,47.82,10.0
4282,,
4283,47.84,6.66
4284,,
4285,47.86,6.66
4286,,
4287,47.88,5.83
4288,,
4289,47.9,7.5
4290,,
4291,47.92,6.66
4292,,
4293,47.94,6.66
4294,,
4295,47.96,7.5
4296,,
4297,47.98,6.66
4298,,
4299,48.0,9.16
4300,,
4301,48.02,8.33
4302,,
4303,48.04,6.66
4304,,
4305,48.06,5.83
4306,,
4307,48.08,5.0
4308,,
4309,48.1,9.16
4310,,
4311,48.12,9.16
4312,,
4313,48.14,3.33
4314,,
4315,48.16,9.16
4316,,
4317,48.18,5.0
4318,,
4319,48.2,6.66
4320,,
4321,48.22,5.0
4322,,
4323,48.24,5.83
4324,,
4325,48.26,9.16
4326,,
4327,48.28,4.16
4328,,
4329,48.3,7.5
4330,,
4331,48.32,3.33
4332,,
4333,48.34,3.33
4334,,
4335,48.36,3.33
4336,,
4337,48.38,7.5
4338,,
4339,48.4,2.5
4340,,
4341,48.42,8.33
4342,,
4343,48.44,2.5
4344,,
4345,48.46,3.33
4346,,
4347,48.48,2.5
4348,,
4349,48.5,7.5
4350,,
4351,48.52,3.33
4352,,
4353,48.54,4.16
4354,,
4355,48.56,5.0
4356,,
4357,48.58,5.0
4358,,
4359,48.6,5.0
4360,,
4361,48.62,1.66
4362,,
4363,48.64,4.16
4364,,
4365,48.66,6.66
4366,,
4367,48.68,4.16
4368,,
4369,48.7,5.0
4370,,
4371,48.72,10.0
4372,,
4373,48.74,2.5
4374,,
4375,48.76,5.0
4376,,
4377,48.78,3.33
4378,,
4379,48.8,10.8
4380,,
4381,48.82,5.0
4382,,
4383,48.84,1.66
4384,,
4385,48.86,4.16
4386,,
4387,48.88,1.66
4388,,
4389,48.9,3.33
4390,,
4391,48.92,3.33
4392,,
4393,48.94,3.33
4394,,
4395,48.96,7.5
4396,,
4397,48.98,7.5
4398,,
4399,49.0,7.5
4400,,
4401,49.02,8.33
4402,,
4403,49.04,4.16
4404,,
4405,49.06,9.16
4406,,
4407,49.08,3.33
4408,,
4409,49.1,5.0
4410,,
4411,49.12,10.0
4412,,
4413,49.14,6.66
4414,,
4415,49.16,6.66
4416,,
4417,49.18,6.66
4418,,
4419,49.2,9.16
4420,,
4421,49.22,3.33
4422,,
4423,49.24,5.83
4424,,
4425,49.26,3.33
4426,,
4427,49.28,2.5
4428,,
4429,49.3,8.33
4430,,
4431,49.32,7.5
4432,,
4433,49.34,8.33
4434,,
4435,49.36,7.5
4436,,
4437,49.38,5.0
4438,,
4439,49.4,4.16
4440,,
4441,49.42,4.16
4442,,
4443,49.44,1.66
4444,,
4445,49.46,5.0
4446,,
4447,49.48,5.0
4448,,
4449,49.5,5.83
4450,,
4451,49.52,4.16
4452,,
4453,49.54,4.16
4454,,
4455,49.56,1.66
4456,,
4457,49.58,7.5
4458,,
4459,49.6,7.5
4460,,
4461,49.62,3.33
4462,,
4463,49.64,7.5
4464,,
4465,49.66,7.5
4466,,
4467,49.68,5.0
4468,,
4469,49.7,5.0
4470,,
4471,49.72,5.83
4472,,
4473,49.74,5.83
4474,,
4475,49.76,5.83
4476,,
4477,49.78,5.83
4478,,
4479,49.8,4.16
4480,,
4481,49.82,7.5
4482,,
4483,49.84,15.0
4484,,
4485,49.86,5.0
4486,,
4487,49.88,5.83
4488,,
4489,49.9,4.16
4490,,
4491,49.92,5.83
4492,,
4493,49.94,3.33
4494,,
4495,49.96,5.0
4496,,
4497,49.98,5.83
4498,,
4499,50.0,7.5
4500,,
4501,50.02,4.16
4502,,
4503,50.04,5.0
4504,,
4505,50.06,10.8
4506,,
4507,50.08,5.83
4508,,
4509,50.1,4.16
4510,,
4511,50.12,5.83
4512,,
4513,50.14,6.66
4514,,
4515,50.16,6.66
4516,,
4517,50.18,3.33
4518,,
4519,50.2,1.66
4520,,
4521,50.22,3.33
4522,,
4523,50.24,3.33
4524,,
4525,50.26,3.33
4526,,
4527,50.28,7.5
4528,,
4529,50.3,6.66
4530,,
4531,50.32,5.0
4532,,
4533,50.34,6.66
4534,,
4535,50.36,0.83
4536,,
4537,50.38,8.33
4538,,
4539,50.4,5.0
4540,,
4541,50.42,5.0
4542,,
4543,50.44,3.33
4544,,
4545,50.46,5.0
4546,,
4547,50.48,4.16
4548,,
4549,50.5,3.33
4550,,
4551,50.52,5.83
4552,,
4553,50.54,4.16
4554,,
4555,50.56,7.5
4556,,
4557,50.58,6.66
4558,,
4559,50.6,4.16
4560,,
4561,50.62,2.5
4562,,
4563,50.64,5.83
4564,,
4565,50.66,4.16
4566,,
4567,50.68,5.0
4568,,
4569,50.7,5.0
4570,,
4571,50.72,1.66
4572,,
4573,50.74,6.66
4574,,
4575,50.76,4.16
4576,,
4577,50.78,5.0
4578,,
4579,50.8,6.66
4580,,
4581,50.82,2.5
4582,,
4583,50.84,5.0
4584,,
4585,50.86,3.33
4586,,
4587,50.88,4.16
4588,,
4589,50.9,4.16
4590,,
4591,50.92,5.0
4592,,
4593,50.94,3.33
4594,,
4595,50.96,4.16
4596,,
4597,50.98,10.0
4598,,
4599,51.0,9.16
4600,,
4601,51.02,9.16
4602,,
4603,51.04,3.33
4604,,
4605,51.06,3.33
4606,,
4607,51.08,4.16
4608,,
4609,51.1,8.33
4610,,
4611,51.12,5.83
4612,,
4613,51.14,3.33
4614,,
4615,51.16,4.16
4616,,
4617,51.18,2.5
4618,,
4619,51.2,8.33
4620,,
4621,51.22,6.66
4622,,
4623,51.24,5.0
4624,,
4625,51.26,3.33
4626,,
4627,51.28,5.0
4628,,
4629,51.3,4.16
4630,,
4631,51.32,3.33
4632,,
4633,51.34,5.0
4634,,
4635,51.36,6.66
4636,,
4637,51.38,5.83
4638,,
4639,51.4,4.16
4640,,
4641,51.42,5.83
4642,,
4643,51.44,8.33
4644,,
4645,51.46,4.16
4646,,
4647,51.48,3.33
4648,,
4649,51.5,4.16
4650,,
4651,51.52,1.66
4652,,
4653,51.54,5.0
4654,,
4655,51.56,4.16
4656,,
4657,51.58,7.5
4658,,
4659,51.6,8.33
4660,,
4661,51.62,6.66
4662,,
4663,51.64,1.66
4664,,
4665,51.66,4.16
4666,,
4667,51.68,5.0
4668,,
4669,51.7,5.0
4670,,
4671,51.72,4.16
4672,,
4673,51.74,3.33
4674,,
4675,51.76,9.16
4676,,
4677,51.78,3.33
4678,,
4679,51.8,4.16
4680,,
4681,51.82,8.33
4682,,
4683,51.84,5.0
4684,,
4685,51.86,4.16
4686,,
4687,51.88,2.5
4688,,
4689,51.9,3.33
4690,,
4691,51.92,4.16
4692,,
4693,51.94,3.33
4694,,
4695,51.96,6.66
4696,,
4697,51.98,3.33
4698,,
4699,52.0,9.16
4700,,
4701,52.02,10.8
4702,,
4703,52.04,4.16
4704,,
4705,52.06,4.16
4706,,
4707,52.08,5.83
4708,,
4709,52.1,7.5
4710,,
4711,52.12,4.16
4712,,
4713,52.14,5.0
4714,,
4715,52.16,11.6
4716,,
4717,52.18,6.66
4718,,
4719,52.2,3.33
4720,,
4721,52.22,4.16
4722,,
4723,52.24,1.66
4724,,
4725,52.26,3.33
4726,,
4727,52.28,4.16
4728,,
4729,52.3,2.5
4730,,
4731,52.32,5.83
4732,,
4733,52.34,3.33
4734,,
4735,52.36,4.16
4736,,
4737,52.38,5.83
4738,,
4739,52.4,5.83
4740,,
4741,52.42,0.83
4742,,
4743,52.44,5.83
4744,,
4745,52.46,7.5
4746,,
4747,52.48,7.5
4748,,
4749,52.5,7.5
4750,,
4751,52.52,1.66
4752,,
4753,52.54,7.5
4754,,
4755,52.56,4.16
4756,,
4757,52.58,5.83
4758,,
4759,52.6,4.16
4760,,
4761,52.62,8.33
4762,,
4763,52.64,3.33
4764,,
4765,52.66,3.33
4766,,
4767,52.68,6.66
4768,,
4769,52.7,7.5
4770,,
4771,52.72,4.16
4772,,
4773,52.74,5.83
4774,,
4775,52.76,2.5
4776,,
4777,52.78,5.0
4778,,
4779,52.8,3.33
4780,,
4781,52.82,5.83
4782,,
4783,52.84,6.66
4784,,
4785,52.86,3.33
4786,,
4787,52.88,4.16
4788,,
4789,52.9,3.33
4790,,
4791,52.92,5.0
4792,,
4793,52.94,4.16
4794,,
4795,52.96,4.16
4796,,
4797,52.98,5.0
4798,,
4799,53.0,6.66
4800,,
4801,53.02,1.66
4802,,
4803,53.04,8.33
4804,,
4805,53.06,6.66
4806,,
4807,53.08,1.66
4808,,
4809,53.1,0.0
4810,,
4811,53.12,3.33
4812,,
4813,53.14,5.0
4814,,
4815,53.16,6.66
4816,,
4817,53.18,3.33
4818,,
4819,53.2,4.16
4820,,
4821,53.22,10.8
4822,,
4823,53.24,3.33
4824,,
4825,53.26,3.33
4826,,
4827,53.28,5.83
4828,,
4829,53.3,6.66
4830,,
4831,53.32,3.33
4832,,
4833,53.34,3.33
4834,,
4835,53.36,5.0
4836,,
4837,53.38,5.83
4838,,
4839,53.4,4.16
4840,,
4841,53.42,5.0
4842,,
4843,53.44,5.83
4844,,
4845,53.46,5.83
4846,,
4847,53.48,5.83
4848,,
4849,53.5,3.33
4850,,
4851,53.52,5.83
4852,,
4853,53.54,5.0
4854,,
4855,53.56,5.0
4856,,
4857,53.58,7.5
4858,,
4859,53.6,4.16
4860,,
4861,53.62,5.0
4862,,
4863,53.64,3.33
4864,,
4865,53.66,5.83
4866,,
4867,53.68,2.5
4868,,
4869,53.7,6.66
4870,,
4871,53.72,2.5
4872,,
4873,53.74,7.5
4874,,
4875,53.76,4.16
4876,,
4877,53.78,3.33
4878,,
4879,53.8,1.66
4880,,
4881,53.82,2.5
4882,,
4883,53.84,5.0
4884,,
4885,53.86,5.0
4886,,
4887,53.88,5.83
4888,,
4889,53.9,4.16
4890,,
4891,53.92,7.5
4892,,
4893,53.94,7.5
4894,,
4895,53.96,4.16
4896,,
4897,53.98,5.0
4898,,
4899,54.0,5.0
4900,,
4901,54.02,3.33
4902,,
4903,54.04,2.5
4904,,
4905,54.06,7.5
4906,,
4907,54.08,4.16
4908,,
4909,54.1,5.0
4910,,
4911,54.12,3.33
4912,,
4913,54.14,5.83
4914,,
4915,54.16,2.5
4916,,
4917,54.18,4.16
4918,,
4919,54.2,7.5
4920,,
4921,54.22,5.0
4922,,
4923,54.24,5.0
4924,,
4925,54.26,2.5
4926,,
4927,54.28,4.16
4928,,
4929,54.3,2.5
4930,,
4931,54.32,4.16
4932,,
4933,54.34,1.66
4934,,
4935,54.36,4.16
4936,,
4937,54.38,2.5
4938,,
4939,54.4,8.33
4940,,
4941,54.42,7.5
4942,,
4943,54.44,0.83
4944,,
4945,54.46,5.83
4946,,
4947,54.48,4.16
4948,,
4949,54.5,5.0
4950,,
4951,54.52,8.33
4952,,
4953,54.54,3.33
4954,,
4955,54.56,7.5
4956,,
4957,54.58,5.0
4958,,
4959,54.6,3.33
4960,,
4961,54.62,1.66
4962,,
4963,54.64,5.83
4964,,
4965,54.66,4.16
4966,,
4967,54.68,4.16
4968,,
4969,54.7,5.83
4970,,
4971,54.72,5.0
4972,,
4973,54.74,5.0
4974,,
4975,54.76,7.5
4976,,
4977,54.78,8.33
4978,,
4979,54.8,6.66
4980,,
4981,54.82,4.16
4982,,
4983,54.84,2.5
4984,,
4985,54.86,5.0
4986,,
4987,54.88,5.83
4988,,
4989,54.9,6.66
4990,,
4991,54.92,5.83
4992,,
4993,54.94,6.66
4994,,
4995,54.96,5.83
4996,,
4997,54.98,4.16
4998,,
4999,55.0,8.33
5000,,
5001,55.02,5.0
5002,,
5003,55.04,6.66
5004,,
5005,55.06,7.5
5006,,
5007,55.08,4.16
5008,,
5009,55.1,5.0
5010,,
5011,55.12,4.16
5012,,
5013,55.14,7.5
5014,,
5015,55.16,8.33
5016,,
5017,55.18,4.16
5018,,
5019,55.2,7.5
5020,,
5021,55.22,5.0
5022,,
5023,55.24,5.0
5024,,
5025,55.26,9.16
5026,,
5027,55.28,3.33
5028,,
5029,55.3,7.5
5030,,
5031,55.32,5.0
5032,,
5033,55.34,2.5
5034,,
5035,55.36,1.66
5036,,
5037,55.38,3.33
5038,,
5039,55.4,3.33
5040,,
5041,55.42,2.5
5042,,
5043,55.44,3.33
5044,,
5045,55.46,5.83
5046,,
5047,55.48,4.16
5048,,
5049,55.5,5.0
5050,,
5051,55.52,2.5
5052,,
5053,55.54,5.83
5054,,
5055,55.56,5.83
5056,,
5057,55.58,3.33
5058,,
5059,55.6,1.66
5060,,
5061,55.62,5.83
5062,,
5063,55.64,3.33
5064,,
5065,55.66,2.5
5066,,
5067,55.68,4.16
5068,,
5069,55.7,8.33
5070,,
5071,55.72,6.66
5072,,
5073,55.74,5.83
5074,,
5075,55.76,5.0
5076,,
5077,55.78,7.5
5078,,
5079,55.8,4.16
5080,,
5081,55.82,7.5
5082,,
5083,55.84,7.5
5084,,
5085,55.86,1.66
5086,,
5087,55.88,10.0
5088,,
5089,55.9,4.16
5090,,
5091,55.92,8.33
5092,,
5093,55.94,2.5
5094,,
5095,55.96,5.0
5096,,
5097,55.98,5.0
5098,,
5099,56.0,4.16
5100,,
5101,56.02,3.33
5102,,
5103,56.04,5.0
5104,,
5105,56.06,6.66
5106,,
5107,56.08,4.16
5108,,
5109,56.1,2.5
5110,,
5111,56.12,4.16
5112,,
5113,56.14,5.0
5114,,
5115,56.16,3.33
5116,,
5117,56.18,3.33
5118,,
5119,56.2,3.33
5120,,
5121,56.22,4.16
5122,,
5123,56.24,4.16
5124,,
5125,56.26,3.33
5126,,
5127,56.28,4.16
5128,,
5129,56.3,3.33
5130,,
5131,56.32,2.5
5132,,
5133,56.34,7.5
5134,,
5135,56.36,2.5
5136,,
5137,56.38,1.66
5138,,
5139,56.4,10.0
5140,,
5141,56.42,3.33
5142,,
5143,56.44,2.5
5144,,
5145,56.46,5.0
5146,,
5147,56.48,5.0
5148,,
5149,56.5,5.83
5150,,
5151,56.52,3.33
5152,,
5153,56.54,6.66
5154,,
5155,56.56,2.5
5156,,
5157,56.58,6.66
5158,,
5159,56.6,2.5
5160,,
5161,56.62,3.33
5162,,
5163,56.64,3.33
5164,,
5165,56.66,5.83
5166,,
5167,56.68,2.5
5168,,
5169,56.7,3.33
5170,,
5171,56.72,8.33
5172,,
5173,56.74,3.33
5174,,
5175,56.76,5.83
5176,,
5177,56.78,9.16
5178,,
5179,56.8,5.0
5180,,
5181,56.82,5.83
5182,,
5183,56.84,5.0
5184,,
5185,56.86,1.66
5186,,
5187,56.88,4.16
5188,,
5189,56.9,3.33
5190,,
5191,56.92,7.5
5192,,
5193,56.94,9.16
5194,,
5195,56.96,3.33
5196,,
5197,56.98,3.33
5198,,
5199,57.0,4.16
5200,,
5201,57.02,6.66
5202,,
5203,57.04,5.0
5204,,
5205,57.06,2.5
5206,,
5207,57.08,6.66
5208,,
5209,57.1,2.5
5210,,
5211,57.12,5.0
5212,,
5213,57.14,4.16
5214,,
5215,57.16,7.5
5216,,
5217,57.18,5.0
5218,,
5219,57.2,4.16
5220,,
5221,57.22,4.16
5222,,
5223,57.24,5.0
5224,,
5225,57.26,6.66
5226,,
5227,57.28,7.5
5228,,
5229,57.3,4.16
5230,,
5231,57.32,3.33
5232,,
5233,57.34,8.33
5234,,
5235,57.36,4.16
5236,,
5237,57.38,5.83
5238,,
5239,57.4,5.0
5240,,
5241,57.42,6.66
5242,,
5243,57.44,4.16
5244,,
5245,57.46,6.66
5246,,
5247,57.48,5.83
5248,,
5249,57.5,4.16
5250,,
5251,57.52,1.66
5252,,
5253,57.54,4.16
5254,,
5255,57.56,3.33
5256,,
5257,57.58,4.16
5258,,
5259,57.6,7.5
5260,,
5261,57.62,5.83
5262,,
5263,57.64,4.16
5264,,
5265,57.66,6.66
5266,,
5267,57.68,3.33
5268,,
5269,57.7,6.66
5270,,
5271,57.72,4.16
5272,,
5273,57.74,3.33
5274,,
5275,57.76,10.0
5276,,
5277,57.78,4.16
5278,,
5279,57.8,8.33
5280,,
5281,57.82,1.66
5282,,
5283,57.84,5.83
5284,,
5285,57.86,5.83
5286,,
5287,57.88,0.83
5288,,
5289,57.9,4.16
5290,,
5291,57.92,5.0
5292,,
5293,57.94,4.16
5294,,
5295,57.96,5.0
5296,,
5297,57.98,3.33
5298,,
5299,58.0,6.66
5300,,
5301,58.02,5.0
5302,,
5303,58.04,2.5
5304,,
5305,58.06,5.83
5306,,
5307,58.08,0.83
5308,,
5309,58.1,6.66
5310,,
5311,58.12,2.5
5312,,
5313,58.14,7.5
5314,,
5315,58.16,7.5
5316,,
5317,58.18,5.0
5318,,
5319,58.2,2.5
5320,,
5321,58.22,5.0
5322,,
5323,58.24,3.33
5324,,
5325,58.26,3.33
5326,,
5327,58.28,3.33
5328,,
5329,58.3,5.83
5330,,
5331,58.32,2.5
5332,,
5333,58.34,7.5
5334,,
5335,58.36,4.16
5336,,
5337,58.38,5.83
5338,,
5339,58.4,6.66
5340,,
5341,58.42,4.16
5342,,
5343,58.44,3.33
5344,,
5345,58.46,4.16
5346,,
5347,58.48,8.33
5348,,
5349,58.5,1.66
5350,,
5351,58.52,2.5
5352,,
5353,58.54,4.16
5354,,
5355,58.56,7.5
5356,,
5357,58.58,4.16
5358,,
5359,58.6,2.5
5360,,
5361,58.62,5.83
5362,,
5363,58.64,5.0
5364,,
5365,58.66,6.66
5366,,
5367,58.68,8.33
5368,,
5369,58.7,5.83
5370,,
5371,58.72,4.16
5372,,
5373,58.74,8.33
5374,,
5375,58.76,3.33
5376,,
5377,58.78,3.33
5378,,
5379,58.8,6.66
5380,,
5381,58.82,6.66
5382,,
5383,58.84,7.5
5384,,
5385,58.86,4.16
5386,,
5387,58.88,4.16
5388,,
5389,58.9,5.0
5390,,
5391,58.92,5.83
5392,,
5393,58.94,4.16
5394,,
5395,58.96,8.33
5396,,
5397,58.98,6.66
5398,,
5399,59.0,7.5
5400,,
5401,59.02,4.16
5402,,
5403,59.04,5.0
5404,,
5405,59.06,8.33
5406,,
5407,59.08,5.83
5408,,
5409,59.1,5.0
5410,,
5411,59.12,8.33
5412,,
5413,59.14,4.16
5414,,
5415,59.16,5.0
5416,,
5417,59.18,5.0
5418,,
5419,59.2,5.0
5420,,
5421,59.22,5.0
5422,,
5423,59.24,4.16
5424,,
5425,59.26,5.0
5426,,
5427,59.28,7.5
5428,,
5429,59.3,7.5
5430,,
5431,59.32,6.66
5432,,
5433,59.34,8.33
5434,,
5435,59.36,8.33
5436,,
5437,59.38,7.5
5438,,
5439,59.4,5.0
5440,,
5441,59.42,3.33
5442,,
5443,59.44,6.66
5444,,
5445,59.46,3.33
5446,,
5447,59.48,1.66
5448,,
5449,59.5,4.16
5450,,
5451,59.52,5.0
5452,,
5453,59.54,1.66
5454,,
5455,59.56,7.5
5456,,
5457,59.58,3.33
5458,,
5459,59.6,1.66
5460,,
5461,59.62,5.0
5462,,
5463,59.64,2.5
5464,,
5465,59.66,6.66
5466,,
5467,59.68,5.83
5468,,
5469,59.7,5.83
5470,,
5471,59.72,5.0
5472,,
5473,59.74,3.33
5474,,
5475,59.76,3.33
5476,,
5477,59.78,1.66
5478,,
5479,59.8,2.5
5480,,
5481,59.82,8.33
5482,,
5483,59.84,4.16
5484,,
5485,59.86,4.16
5486,,
5487,59.88,5.83
5488,,
5489,59.9,4.16
5490,,
5491,59.92,3.33
5492,,
5493,59.94,2.5
5494,,
5495,59.96,4.16
5496,,
5497,59.98,5.0
5498,,
5499,60.0,4.16
5500,,
5501,60.02,2.5
5502,,
5503,60.04,3.33
5504,,
5505,60.06,3.33
5506,,
5507,60.08,2.5
5508,,
5509,60.1,5.83
5510,,
5511,60.12,2.5
5512,,
5513,60.14,5.0
5514,,
5515,60.16,3.33
5516,,
5517,60.18,3.33
5518,,
5519,60.2,5.0
5520,,
5521,60.22,1.66
5522,,
5523,60.24,5.0
5524,,
5525,60.26,1.66
5526,,
5527,60.28,5.0
5528,,
5529,60.3,4.16
5530,,
5531,60.32,5.0
5532,,
5533,60.34,7.5
5534,,
5535,60.36,6.66
5536,,
5537,60.38,5.83
5538,,
5539,60.4,3.33
5540,,
5541,60.42,8.33
5542,,
5543,60.44,6.66
5544,,
5545,60.46,5.0
5546,,
5547,60.48,8.33
5548,,
5549,60.5,5.83
5550,,
5551,60.52,5.83
5552,,
5553,60.54,5.83
5554,,
5555,60.56,4.16
5556,,
5557,60.58,3.33
5558,,
5559,60.6,5.0
5560,,
5561,60.62,4.16
5562,,
5563,60.64,6.66
5564,,
5565,60.66,5.83
5566,,
5567,60.68,4.16
5568,,
5569,60.7,3.33
5570,,
5571,60.72,5.83
5572,,
5573,60.74,6.66
5574,,
5575,60.76,5.83
5576,,
5577,60.78,1.66
5578,,
5579,60.8,3.33
5580,,
5581,60.82,2.5
5582,,
5583,60.84,3.33
5584,,
5585,60.86,5.83
5586,,
5587,60.88,3.33
5588,,
5589,60.9,6.66
5590,,
5591,60.92,5.83
5592,,
5593,60.94,5.0
5594,,
5595,60.96,7.5
5596,,
5597,60.98,7.5
5598,,
5599,61.0,4.16
5600,,
5601,61.02,5.0
5602,,
5603,61.04,5.0
5604,,
5605,61.06,2.5
5606,,
5607,61.08,4.16
5608,,
5609,61.1,5.83
5610,,
5611,61.12,4.16
5612,,
5613,61.14,6.66
5614,,
5615,61.16,3.33
5616,,
5617,61.18,4.16
5618,,
5619,61.2,3.33
5620,,
5621,61.22,9.16
5622,,
5623,61.24,4.16
5624,,
5625,61.26,6.66
5626,,
5627,61.28,2.5
5628,,
5629,61.3,7.5
5630,,
5631,61.32,6.66
5632,,
5633,61.34,4.16
5634,,
5635,61.36,5.0
5636,,
5637,61.38,5.83
5638,,
5639,61.4,5.0
5640,,
5641,61.42,5.0
5642,,
5643,61.44,1.66
5644,,
5645,61.46,2.5
5646,,
5647,61.48,4.16
5648,,
5649,61.5,5.0
5650,,
5651,61.52,3.33
5652,,
5653,61.54,6.66
5654,,
5655,61.56,4.16
5656,,
5657,61.58,4.16
5658,,
5659,61.6,3.33
5660,,
5661,61.62,8.33
5662,,
5663,61.64,4.16
5664,,
5665,61.66,1.66
5666,,
5667,61.68,3.33
5668,,
5669,61.7,1.66
5670,,
5671,61.72,5.83
5672,,
5673,61.74,6.66
5674,,
5675,61.76,5.0
5676,,
5677,61.78,5.83
5678,,
5679,61.8,3.33
5680,,
5681,61.82,5.0
5682,,
5683,61.84,5.83
5684,,
5685,61.86,3.33
5686,,
5687,61.88,5.0
5688,,
5689,61.9,5.83
5690,,
5691,61.92,3.33
5692,,
5693,61.94,2.5
5694,,
5695,61.96,2.5
5696,,
5697,61.98,4.16
5698,,
5699,62.0,5.83
5700,,
5701,62.02,5.83
5702,,
5703,62.04,4.16
5704,,
5705,62.06,4.16
5706,,
5707,62.08,5.83
5708,,
5709,62.1,7.5
5710,,
5711,62.12,5.0
5712,,
5713,62.14,3.33
5714,,
5715,62.16,5.83
5716,,
5717,62.18,5.0
5718,,
5719,62.2,4.16
5720,,
5721,62.22,1.66
5722,,
5723,62.24,5.83
5724,,
5725,62.26,5.0
5726,,
5727,62.28,2.5
5728,,
5729,62.3,5.0
5730,,
5731,62.32,5.0
5732,,
5733,62.34,2.5
5734,,
5735,62.36,6.66
5736,,
5737,62.38,4.16
5738,,
5739,62.4,6.66
5740,,
5741,62.42,2.5
5742,,
5743,62.44,4.16
5744,,
5745,62.46,5.0
5746,,
5747,62.48,5.0
5748,,
5749,62.5,4.16
5750,,
5751,62.52,4.16
5752,,
5753,62.54,5.0
5754,,
5755,62.56,5.0
5756,,
5757,62.58,4.16
5758,,
5759,62.6,3.33
5760,,
5761,62.62,5.83
5762,,
5763,62.64,5.0
5764,,
5765,62.66,5.0
5766,,
5767,62.68,6.66
5768,,
5769,62.7,5.0
5770,,
5771,62.72,5.83
5772,,
5773,62.74,2.5
5774,,
5775,62.76,1.66
5776,,
5777,62.78,4.16
5778,,
5779,62.8,5.0
5780,,
5781,62.82,4.16
5782,,
5783,62.84,1.66
5784,,
5785,62.86,4.16
5786,,
5787,62.88,5.0
5788,,
5789,62.9,5.0
5790,,
5791,62.92,4.16
5792,,
5793,62.94,6.66
5794,,
5795,62.96,4.16
5796,,
5797,62.98,5.83
5798,,
5799,63.0,2.5
5800,,
5801,63.02,3.33
5802,,
5803,63.04,5.0
5804,,
5805,63.06,5.83
5806,,
5807,63.08,0.83
5808,,
5809,63.1,2.5
5810,,
5811,63.12,5.83
5812,,
5813,63.14,6.66
5814,,
5815,63.16,5.0
5816,,
5817,63.18,3.33
5818,,
5819,63.2,6.66
5820,,
5821,63.22,4.16
5822,,
5823,63.24,6.66
5824,,
5825,63.26,2.5
5826,,
5827,63.28,2.5
5828,,
5829,63.3,4.16
5830,,
5831,63.32,5.0
5832,,
5833,63.34,5.83
5834,,
5835,63.36,3.33
5836,,
5837,63.38,3.33
5838,,
5839,63.4,5.0
5840,,
5841,63.42,5.83
5842,,
5843,63.44,2.5
5844,,
5845,63.46,5.0
5846,,
5847,63.48,3.33
5848,,
5849,63.5,2.5
5850,,
5851,63.52,1.66
5852,,
5853,63.54,5.0
5854,,
5855,63.56,3.33
5856,,
5857,63.58,4.16
5858,,
5859,63.6,3.33
5860,,
5861,63.62,8.33
5862,,
5863,63.64,3.33
5864,,
5865,63.66,5.0
5866,,
5867,63.68,5.0
5868,,
5869,63.7,1.66
5870,,
5871,63.72,4.16
5872,,
5873,63.74,3.33
5874,,
5875,63.76,7.5
5876,,
5877,63.78,4.16
5878,,
5879,63.8,4.16
5880,,
5881,63.82,5.0
5882,,
5883,63.84,0.83
5884,,
5885,63.86,1.66
5886,,
5887,63.88,7.5
5888,,
5889,63.9,3.33
5890,,
5891,63.92,2.5
5892,,
5893,63.94,4.16
5894,,
5895,63.96,9.16
5896,,
5897,63.98,1.66
5898,,
5899,64.0,5.83
5900,,
5901,64.02,5.83
5902,,
5903,64.04,5.83
5904,,
5905,64.06,3.33
5906,,
5907,64.08,2.5
5908,,
5909,64.1,4.16
5910,,
5911,64.12,3.33
5912,,
5913,64.14,1.66
5914,,
5915,64.16,5.83
5916,,
5917,64.18,6.66
5918,,
5919,64.2,5.83
5920,,
5921,64.22,8.33
5922,,
5923,64.24,3.33
5924,,
5925,64.26,6.66
5926,,
5927,64.28,4.16
5928,,
5929,64.3,4.16
5930,,
5931,64.32,5.83
5932,,
5933,64.34,2.5
5934,,
5935,64.36,5.0
5936,,
5937,64.38,3.33
5938,,
5939,64.4,6.66
5940,,
5941,64.42,2.5
5942,,
5943,64.44,3.33
5944,,
5945,64.46,2.5
5946,,
5947,64.48,5.83
5948,,
5949,64.5,5.0
5950,,
5951,64.52,1.66
5952,,
5953,64.54,3.33
5954,,
5955,64.56,3.33
5956,,
5957,64.58,3.33
5958,,
5959,64.6,3.33
5960,,
5961,64.62,5.0
5962,,
5963,64.64,2.5
5964,,
5965,64.66,5.0
5966,,
5967,64.68,6.66
5968,,
5969,64.7,8.33
5970,,
5971,64.72,3.33
5972,,
5973,64.74,8.33
5974,,
5975,64.76,5.0
5976,,
5977,64.78,4.16
5978,,
5979,64.8,5.83
5980,,
5981,64.82,1.66
5982,,
5983,64.84,3.33
5984,,
5985,64.86,7.5
5986,,
5987,64.88,6.66
5988,,
5989,64.9,4.16
5990,,
5991,64.92,4.16
5992,,
5993,64.94,5.83
5994,,
5995,64.96,6.66
5996,,
5997,64.98,3.33
5998,,
5999,65.0,5.0
6000,,
6001,65.02,3.33
6002,,
6003,65.04,0.0
6004,,
6005,65.06,3.33
6006,,
6007,65.08,4.16
6008,,
6009,65.1,2.5
6010,,
6011,65.12,1.66
6012,,
6013,65.14,2.5
6014,,
6015,65.16,5.83
6016,,
6017,65.18,5.83
6018,,
6019,65.2,2.5
6020,,
6021,65.22,4.16
6022,,
6023,65.24,7.5
6024,,
6025,65.26,1.66
6026,,
6027,65.28,2.5
6028,,
6029,65.3,2.5
6030,,
6031,65.32,3.33
6032,,
6033,65.34,4.16
6034,,
6035,65.36,6.66
6036,,
6037,65.38,5.83
6038,,
6039,65.4,7.5
6040,,
6041,65.42,3.33
6042,,
6043,65.44,8.33
6044,,
6045,65.46,5.83
6046,,
6047,65.48,5.0
6048,,
6049,65.5,8.33
6050,,
6051,65.52,5.83
6052,,
6053,65.54,9.16
6054,,
6055,65.56,2.5
6056,,
6057,65.58,1.66
6058,,
6059,65.6,6.66
6060,,
6061,65.62,6.66
6062,,
6063,65.64,5.0
6064,,
6065,65.66,2.5
6066,,
6067,65.68,5.0
6068,,
6069,65.7,6.66
6070,,
6071,65.72,9.16
6072,,
6073,65.74,5.0
6074,,
6075,65.76,2.5
6076,,
6077,65.78,6.66
6078,,
6079,65.8,3.33
6080,,
6081,65.82,5.0
6082,,
6083,65.84,3.33
6084,,
6085,65.86,1.66
6086,,
6087,65.88,5.83
6088,,
6089,65.9,5.0
6090,,
6091,65.92,7.5
6092,,
6093,65.94,6.66
6094,,
6095,65.96,7.5
6096,,
6097,65.98,4.16
6098,,
6099,66.0,7.5
6100,,
6101,66.02,7.5
6102,,
6103,66.04,5.0
6104,,
6105,66.06,3.33
6106,,
6107,66.08,5.83
6108,,
6109,66.1,5.0
6110,,
6111,66.12,5.83
6112,,
6113,66.14,0.83
6114,,
6115,66.16,5.0
6116,,
6117,66.18,7.5
6118,,
6119,66.2,3.33
6120,,
6121,66.22,5.83
6122,,
6123,66.24,5.0
6124,,
6125,66.26,3.33
6126,,
6127,66.28,4.16
6128,,
6129,66.3,7.5
6130,,
6131,66.32,2.5
6132,,
6133,66.34,10.8
6134,,
6135,66.36,1.66
6136,,
6137,66.38,3.33
6138,,
6139,66.4,4.16
6140,,
6141,66.42,6.66
6142,,
6143,66.44,3.33
6144,,
6145,66.46,4.16
6146,,
6147,66.48,5.0
6148,,
6149,66.5,1.66
6150,,
6151,66.52,5.83
6152,,
6153,66.54,3.33
6154,,
6155,66.56,4.16
6156,,
6157,66.58,1.66
6158,,
6159,66.6,7.5
6160,,
6161,66.62,2.5
6162,,
6163,66.64,4.16
6164,,
6165,66.66,2.5
6166,,
6167,66.68,4.16
6168,,
6169,66.7,3.33
6170,,
6171,66.72,5.0
6172,,
6173,66.74,8.33
6174,,
6175,66.76,4.16
6176,,
6177,66.78,5.0
6178,,
6179,66.8,4.16
6180,,
6181,66.82,5.83
6182,,
6183,66.84,2.5
6184,,
6185,66.86,5.0
6186,,
6187,66.88,2.5
6188,,
6189,66.9,5.83
6190,,
6191,66.92,5.83
6192,,
6193,66.94,8.33
6194,,
6195,66.96,3.33
6196,,
6197,66.98,1.66
6198,,
6199,67.0,9.16
6200,,
6201,67.02,6.66
6202,,
6203,67.04,6.66
6204,,
6205,67.06,1.66
6206,,
6207,67.08,4.16
6208,,
6209,67.1,3.33
6210,,
6211,67.12,3.33
6212,,
6213,67.14,2.5
6214,,
6215,67.16,6.66
6216,,
6217,67.18,5.0
6218,,
6219,67.2,3.33
6220,,
6221,67.22,4.16
6222,,
6223,67.24,5.83
6224,,
6225,67.26,3.33
6226,,
6227,67.28,5.83
6228,,
6229,67.3,4.16
6230,,
6231,67.32,4.16
6232,,
6233,67.34,4.16
6234,,
6235,67.36,4.16
6236,,
6237,67.38,5.0
6238,,
6239,67.4,4.16
6240,,
6241,67.42,2.5
6242,,
6243,67.44,5.0
6244,,
6245,67.46,5.0
6246,,
6247,67.48,8.33
6248,,
6249,67.5,5.0
6250,,
6251,67.52,3.33
6252,,
6253,67.54,5.0
6254,,
6255,67.56,9.16
6256,,
6257,67.58,4.16
6258,,
6259,67.6,4.16
6260,,
6261,67.62,5.0
6262,,
6263,67.64,4.16
6264,,
6265,67.66,0.83
6266,,
6267,67.68,4.16
6268,,
6269,67.7,2.5
6270,,
6271,67.72,3.33
6272,,
6273,67.74,7.5
6274,,
6275,67.76,4.16
6276,,
6277,67.78,9.16
6278,,
6279,67.8,5.0
6280,,
6281,67.82,4.16
6282,,
6283,67.84,6.66
6284,,
6285,67.86,1.66
6286,,
6287,67.88,2.5
6288,,
6289,67.9,2.5
6290,,
6291,67.92,2.5
6292,,
6293,67.94,5.0
6294,,
6295,67.96,2.5
6296,,
6297,67.98,4.16
6298,,
6299,68.0,9.16
6300,,
6301,68.02,9.16
6302,,
6303,68.04,5.83
6304,,
6305,68.06,4.16
6306,,
6307,68.08,0.83
6308,,
6309,68.1,4.16
6310,,
6311,68.12,4.16
6312,,
6313,68.14,1.66
6314,,
6315,68.16,4.16
6316,,
6317,68.18,1.66
6318,,
6319,68.2,8.33
6320,,
6321,68.22,5.83
6322,,
6323,68.24,5.0
6324,,
6325,68.26,5.0
6326,,
6327,68.28,5.0
6328,,
6329,68.3,1.66
6330,,
6331,68.32,5.0
6332,,
6333,68.34,5.0
6334,,
6335,68.36,6.66
6336,,
6337,68.38,4.16
6338,,
6339,68.4,5.0
6340,,
6341,68.42,4.16
6342,,
6343,68.44,5.83
6344,,
6345,68.46,1.66
6346,,
6347,68.48,5.0
6348,,
6349,68.5,4.16
6350,,
6351,68.52,2.5
6352,,
6353,68.54,4.16
6354,,
6355,68.56,1.66
6356,,
6357,68.58,5.0
6358,,
6359,68.6,4.16
6360,,
6361,68.62,6.66
6362,,
6363,68.64,5.0
6364,,
6365,68.66,5.0
6366,,
6367,68.68,1.66
6368,,
6369,68.7,1.66
6370,,
6371,68.72,6.66
6372,,
6373,68.74,5.83
6374,,
6375,68.76,3.33
6376,,
6377,68.78,4.16
6378,,
6379,68.8,0.83
6380,,
6381,68.82,0.83
6382,,
6383,68.84,6.66
6384,,
6385,68.86,3.33
6386,,
6387,68.88,5.0
6388,,
6389,68.9,4.16
6390,,
6391,68.92,6.66
6392,,
6393,68.94,4.16
6394,,
6395,68.96,0.83
6396,,
6397,68.98,2.5
6398,,
6399,69.0,5.0
6400,,
6401,69.02,2.5
6402,,
6403,69.04,0.83
6404,,
6405,69.06,6.66
6406,,
6407,69.08,6.66
6408,,
6409,69.1,2.5
6410,,
6411,69.12,1.66
6412,,
6413,69.14,6.66
6414,,
6415,69.16,4.16
6416,,
6417,69.18,5.83
6418,,
6419,69.2,5.0
6420,,
6421,69.22,3.33
6422,,
6423,69.24,0.83
6424,,
6425,69.26,2.5
6426,,
6427,69.28,5.0
6428,,
6429,69.3,7.5
6430,,
6431,69.32,5.83
6432,,
6433,69.34,1.66
6434,,
6435,69.36,1.66
6436,,
6437,69.38,4.16
6438,,
6439,69.4,7.5
6440,,
6441,69.42,4.16
6442,,
6443,69.44,4.16
6444,,
6445,69.46,3.33
6446,,
6447,69.48,5.83
6448,,
6449,69.5,5.0
6450,,
6451,69.52,3.33
6452,,
6453,69.54,4.16
6454,,
6455,69.56,5.0
6456,,
6457,69.58,1.66
6458,,
6459,69.6,5.0
6460,,
6461,69.62,3.33
6462,,
6463,69.64,1.66
6464,,
6465,69.66,4.16
6466,,
6467,69.68,6.66
6468,,
6469,69.7,2.5
6470,,
6471,69.72,5.83
6472,,
6473,69.74,3.33
6474,,
6475,69.76,3.33
6476,,
6477,69.78,3.33
6478,,
6479,69.8,6.66
6480,,
6481,69.82,9.16
6482,,
6483,69.84,1.66
6484,,
6485,69.86,6.66
6486,,
6487,69.88,1.66
6488,,
6489,69.9,6.66
6490,,
6491,69.92,5.0
6492,,
6493,69.94,7.5
6494,,
6495,69.96,7.5
6496,,
6497,69.98,3.33
6498,,
6499,70.0,6.66
6500,,
